,rank,totalRankScore,totalPriceRankScore,nightlyRateScore,reviewRankScore,rareFindScore,acScore,wifiScore,guestFavoriteScore,superhostScore,id,LikeIt,MessageSent,Responded,title,dates,totalPrice,totalPriceRank,nightlyRateRank,reviewScore,reviewScoreString,reviewScoreRank,url,nightlyRateDisplay,nights,nightlyTotalDisplay,nightlyTotalDisplayPercent,cleaningFee,airbnbFee,feeTotal,feePercent,beds,Kitchen,Wifi,Dedicated workspace,Free parking on premises,TV,Washer,Carbon monoxide alarm,Smoke alarm,Superhost,guest_favorite,TV with standard cable,Air conditioning,Luggage dropoff allowed,Refrigerator,Guest favorite,Elevator,Paid dryer – In building,Microwave,Exterior security cameras on property,Pets allowed,Crib,City skyline view,Mountain view,Fast wifi – 120 Mbps,Hot tub,Valley view,Fast wifi – 210 Mbps,Shared outdoor pool - available all year,open specific hours,heated,Shared hot tub,Sauna,50 inch HDTV,Paid washer – In building,Dryer,Central air conditioning,Free parking garage on premises – 1 space,40 inch HDTV,55 inch HDTV with Netflix,Free washer – In unit,Free dryer – In unit,Shared pool,HDTV with Netflix,standard cable,Roku,Courtyard view,Fast wifi – 224 Mbps,Hair dryer,Free washer – In building,Free dryer – In building,Pool,Free residential garage on premises,40 inch HDTV with Chromecast,standard cable,Free street parking,Garden view,Shared outdoor pool - available all year,open specific hours,lap pool,Private hot tub,55 inch HDTV with Chromecast,Disney+,Netflix,Fast wifi – 157 Mbps,Shared outdoor pool - available all year,heated,42 inch HDTV with premium cable,Bathtub,Shared outdoor pool - open specific hours,rooftop,Shared hot tub - available all year,open specific hours,43 inch HDTV with Netflix,standard cable,43 inch HDTV with Netflix,AC - split type ductless system,Fast wifi – 249 Mbps,Free carport on premises – 2 spaces,Shared outdoor pool - available all year,open specific hours,43 inch HDTV,82 inch HDTV with Amazon Prime Video,Fire TV,Hulu,Netflix,DVD player,65 inch HDTV with Netflix,premium cable,Fast wifi – 264 Mbps,Private hot tub - available all year,open 24 hours,43 inch HDTV with standard cable,Amazon Prime Video,Disney+,Netflix,HBO Max,43 inch HDTV with Netflix,standard cable,premium cable,Fast wifi – 252 Mbps,Free carport on premises,Shared outdoor pool - available all year,open specific hours,rooftop,Shared sauna,55 inch TV with Roku,43 inch HDTV with Netflix,standard cable,Disney+,HBO Max,Amazon Prime Video,Fast wifi – 192 Mbps,43 inch HDTV with Netflix,premium cable,standard cable,Gym,Private patio or balcony,42 inch HDTV with Netflix,standard cable
X,1,450,220,0,230,0,0,0,0,0,1287970672680210638,,,,Apartment in Medellín,01/18/25 - 01/21/25,128,3,4,5,5.0 (4),1,https://www.airbnb.com/rooms/1287970672680210638?check_in=2025-01-19&check_out=2025-01-22&guests=1&adults=1,37,3,110,0.859375,18,0,18,0.140625,,TRUE,TRUE,TRUE,TRUE,TRUE,TRUE,FALSE,FALSE,TRUE,,,,,,,,,,,,,,,,,,,,,,,,,,,,,,,,,,,,,,,,,,,,,,,,,,,,,,,,,,,,,,,,,,,,,,,,,,,,,,,,,,,,,,,,,,,,,,,,,,,,,,,,,,,,,,
,2,430,215,0,215,0,0,0,0,0,1267570302224081748,,,,Loft in Medellín,01/18/25 - 01/21/25,131,4,10,4.96,4.96 (24),4,https://www.airbnb.com/rooms/1267570302224081748?check_in=2025-01-19&check_out=2025-01-22&guests=1&adults=1,44,3,131,1,0,0,0,0,,TRUE,TRUE,TRUE,,TRUE,TRUE,FALSE,FALSE,,TRUE,,,,,TRUE,TRUE,,,TRUE,TRUE,,,,,,,,,,,,,,,,,,,,,,,,,,,,,,,,,,,,,,,,,,,,,,,,,,,,,,,,,,,,,,,,,,,,,,,,,,,,,,,,,,,,,,,,,,,,,,,,,,,
,3,430,225,0,205,0,0,0,0,0,1181190373752879455,,,,Apartment in Guayabal,01/18/25 - 01/21/25,122,2,3,4.94,4.94 (17),6,https://www.airbnb.com/rooms/1181190373752879455?check_in=2025-01-19&check_out=2025-01-22&guests=1&adults=1,35,3,124,1.016393443,0,17,17,0.1393442623,1 queen bed,,TRUE,TRUE,,TRUE,,,,,TRUE,,TRUE,,TRUE,TRUE,,,TRUE,TRUE,,,,,,,,,,,,,,,,,,,,,,,,,TRUE,TRUE,TRUE,,,,,,,,,,,,,,,,,,,,,,,,,,,,,,,,,,,,,,,,,,,,,,,,,,,,,,,,,,,,,,,,,,,,,,,,,
,4,410,180,0,230,0,0,0,0,0,1215240162994784824,,,,Apartment in Medellín,01/18/25 - 01/21/25,156,11,7,5,5.0 (11),1,https://www.airbnb.com/rooms/1215240162994784824?check_in=2025-01-19&check_out=2025-01-22&guests=1&adults=1,40,3,119,0.7628205128,15,22,37,0.2371794872,1 bed,TRUE,TRUE,TRUE,,,TRUE,FALSE,FALSE,,TRUE,TRUE,TRUE,TRUE,TRUE,TRUE,,,,,,,,,,,,,,,,,,,,,,,,,,,,,,,,,,,,,,,,,,,,,,,,,,,,,,,,,,,,,,,,,,,,,,,,,,,,,,,,,,,,,,,,,,,,,,,,,,,,,,,,
,5,410,230,0,180,0,0,0,0,0,796559987055409573,,,,Apartment in El Poblado,01/18/25 - 01/21/25,111,1,1,4.88,4.88 (17),11,https://www.airbnb.com/rooms/796559987055409573?check_in=2025-01-19&check_out=2025-01-22&guests=1&adults=1,31,3,93,0.8378378378,18,0,18,0.1621621622,2 beds,TRUE,TRUE,TRUE,TRUE,,,FALSE,,TRUE,,,,,,,,,,,,,TRUE,,,,,,,,,,,,,,,,,TRUE,,,,,,TRUE,,,,,,,,,,,,TRUE,TRUE,,,,,,,,,,,,,,,,,,,,,,,,,,,,,,,,,,,,,,,,,,,,,,,,,,,,,,,,,,,,,
,6,395,165,0,230,0,0,0,0,0,1263769456381535784,,,,Apartment in El Poblado,01/18/25 - 01/21/25,169,14,14,5,5.0 (12),1,https://www.airbnb.com/rooms/1263769456381535784?check_in=2025-01-19&check_out=2025-01-22&guests=1&adults=1,50,3,165,0.9763313609,0,21,21,0.124260355,,TRUE,TRUE,TRUE,TRUE,TRUE,,,,,TRUE,,TRUE,,,TRUE,TRUE,TRUE,TRUE,TRUE,,,,,,,,,,,,,,,,,,,,,,,,,,,,,,,,,,,,,,,,,,,,,,,,,,,,,,,,,,,,,,,,,,,,,,,,,,,,,,,,,,,,,,,,,,,,,,,,,,,,
,7,385,155,0,230,0,0,0,0,0,1104954952870986093,,,,Apartment in Medellín,01/18/25 - 01/21/25,173,16,15,5,5.0 (8),1,https://www.airbnb.com/rooms/1104954952870986093?check_in=2025-01-19&check_out=2025-01-22&guests=1&adults=1,51,3,153,0.8843930636,20,0,20,0.1156069364,,TRUE,TRUE,,,TRUE,,FALSE,FALSE,TRUE,,,TRUE,,TRUE,,,,TRUE,,TRUE,,,,,,,,,,,,,,,,,,,,,,,,,,,,,,,,,,,,,,,,,,,,,,,,,,,,,,,,,,,,,,,,,,,,,,,,,,,,,,,,,,,,,,,,,,,,,,,,,,,
,8,385,170,0,215,0,0,0,0,0,10450836,,,,Apartment in Medellín,01/18/25 - 01/21/25,163,13,8,4.96,4.96 (25),4,https://www.airbnb.com/rooms/10450836?check_in=2025-01-19&check_out=2025-01-22&guests=1&adults=1,41,3,123,0.754601227,20,20,40,0.245398773,,TRUE,TRUE,,,,,FALSE,FALSE,,TRUE,,,,,TRUE,TRUE,,,TRUE,TRUE,,,,,,,,,,,,TRUE,,,TRUE,TRUE,,,,,,,,,,,,,,,,,,,,,,,,,,,,,,,,,,,,,,,,,,,,,,,,,,,,,,,,,,,,,,,,,,,,,,,,,,,,,,,,,,,
,9,385,200,0,185,0,0,0,0,0,1148562372019029958,,,,Loft in Laureles-Estadio,01/18/25 - 01/21/25,136,7,11,4.9,4.9 (42),10,https://www.airbnb.com/rooms/1148562372019029958?check_in=2025-01-19&check_out=2025-01-22&guests=1&adults=1,45,3,136,1,0,0,0,0,,TRUE,TRUE,TRUE,,TRUE,TRUE,,,,TRUE,,TRUE,,,TRUE,TRUE,,,TRUE,,,,,,,,,,,,,,TRUE,,,,,,,,,,,,,,,,,TRUE,,,,,,,,,,,,,,,,,,,,,,,,,,,,,,,,,,,,,,,,,,,,,,,,,,,,,,,,,,,,,,,,,,,,,
,10,375,205,0,170,0,0,0,0,0,42568186,,,,Apartment in El Poblado,01/18/25 - 01/21/25,135,6,6,4.86,4.86 (162),13,https://www.airbnb.com/rooms/42568186?check_in=2025-01-19&check_out=2025-01-22&guests=1&adults=1,39,3,118,0.8740740741,0,17,17,0.1259259259,,TRUE,TRUE,TRUE,,,,FALSE,FALSE,,TRUE,,,,,TRUE,,,,TRUE,TRUE,,,,,,,,,,,,,,,,,,TRUE,TRUE,,,,,,,,,,,,,,,,,,,,,,,,,,,,,TRUE,,,,,,,,,,,,,,,,,,,,,,,,,,,,,,,,,,,,,,,,,,,,,,,,,,,
,11,370,195,0,175,0,0,0,0,0,1152135982079745771,,,,Loft in Medellín,01/18/25 - 01/21/25,137,8,12,4.87,4.87 (55),12,https://www.airbnb.com/rooms/1152135982079745771?check_in=2025-01-19&check_out=2025-01-22&guests=1&adults=1,46,3,137,1,0,0,0,0,,TRUE,TRUE,TRUE,TRUE,,,,,,TRUE,,,,,TRUE,,,,TRUE,TRUE,,,TRUE,,,,,,,,,,,,,,,,,,,,,,TRUE,,,,,,,,,,,,,,,TRUE,TRUE,,,,,,,,,,,,,,,,,,,,,,,,,,,,,,,,,,,,,,,,,,,,,,,,,,,,,,,,,,
,12,355,135,0,220,0,0,0,0,0,558644862441224465,,,,Condo in El Poblado,01/18/25 - 01/21/25,188,20,18,4.97,4.97 (103),3,https://www.airbnb.com/rooms/558644862441224465?check_in=2025-01-19&check_out=2025-01-22&guests=1&adults=1,55,3,165,0.8776595745,0,23,23,0.1223404255,,TRUE,TRUE,TRUE,TRUE,,,,,,TRUE,,,,,TRUE,TRUE,,,,,,TRUE,,,,,,,,,TRUE,TRUE,TRUE,TRUE,,,,,,,,,,,,,,,,,,,,,,,,,,,,,,,,,,,,,,,,,,,,,,,,,,,,,,,,,,,,,,,,,,,,,,,,,,,,,,,,,,,,,
,13,355,180,0,175,0,0,0,0,0,1015546716987276144,,,,Apartment in El Poblado,01/18/25 - 01/21/25,156,11,16,4.87,4.87 (61),12,https://www.airbnb.com/rooms/1015546716987276144?check_in=2025-01-19&check_out=2025-01-22&guests=1&adults=1,52,3,156,1,0,0,0,0,,TRUE,TRUE,TRUE,,,,,,,TRUE,,,,,TRUE,,,,TRUE,TRUE,,,,,,,,,,,,,,,,,,,,,,,,TRUE,TRUE,TRUE,,,,,,,,,,,,,,,,TRUE,TRUE,,,,,,,,,,,,,,,,,,,,,,,,,,,,,,,,,,,,,,,,,,,,,,,,,,,,,,,,
,14,355,210,0,145,0,0,0,0,0,1181139724598304502,,,,Apartment in El Poblado,01/18/25 - 01/21/25,133,5,5,4.77,4.77 (35),18,https://www.airbnb.com/rooms/1181139724598304502?check_in=2025-01-19&check_out=2025-01-22&guests=1&adults=1,38,3,114,0.8571428571,0,19,19,0.1428571429,,TRUE,TRUE,TRUE,,,,FALSE,,,,,,,TRUE,,,,,TRUE,,,,,,,,,,,,,,,,,,,,,,,,,,,,,,,,,,,,,,,,,,,,,,,,,,,,,,,,,,,,,,,,,,,,,,,,,,,,,,,,,,,,,,,,,,,,,,,,,,,,
,15,350,185,0,165,0,0,0,0,0,53710799,,,,Loft in Medellín,01/18/25 - 01/21/25,146,10,13,4.85,4.85 (211),14,https://www.airbnb.com/rooms/53710799?check_in=2025-01-19&check_out=2025-01-22&guests=1&adults=1,49,3,146,1,0,0,0,0,,TRUE,,TRUE,TRUE,,,,,TRUE,,,,,,,,TRUE,,,TRUE,,,,,,,,,,,,TRUE,,,,,,,,,,,,,,,,,,,,,,,,,,,,TRUE,,,,,,TRUE,TRUE,,,TRUE,,,,,,,,,,,,,,,,,,,,,,,,,,,,,,,,,,,,,,,,,,,,,,,,,
,16,335,140,0,195,0,0,0,0,0,1181192029626977467,,,,Apartment in El Poblado,01/18/25 - 01/21/25,179,19,9,4.92,4.92 (24),8,https://www.airbnb.com/rooms/1181192029626977467?check_in=2025-01-19&check_out=2025-01-22&guests=1&adults=1,43,3,130,0.7262569832,27,22,49,0.2737430168,1 bed,TRUE,TRUE,TRUE,,,TRUE,FALSE,FALSE,,TRUE,TRUE,TRUE,,,TRUE,,,,,TRUE,,,,,,,,,,,,,,,,,,,,,,,,,,TRUE,,,,,,,,,,,,,,,,,,,,,,,,,,,,,,,,,,,,,,,,,,,,,,,,,,,,,,,,,,,,,,,,,,,,,,,,,
,17,325,115,0,210,0,0,0,0,0,52215325,,,,Apartment in El Poblado,01/18/25 - 01/21/25,205,24,23,4.95,4.95 (117),5,https://www.airbnb.com/rooms/52215325?check_in=2025-01-19&check_out=2025-01-22&guests=1&adults=1,60,3,180,0.8780487805,0,25,25,0.1219512195,,TRUE,TRUE,TRUE,TRUE,,,,,,TRUE,,,TRUE,,TRUE,TRUE,,,,,,TRUE,,,,,,,,,TRUE,,,TRUE,,,,,,,,,,TRUE,,,,,,,,,,,,,,,,,,,,,,,,,,,,,,,,,,,,,,,,,,,,,,,,,,,,,,,,,,,,,,,,,,,,,,,,,,,
,18,320,90,0,230,0,0,0,0,0,700212090262141071,,,,Apartment in El Poblado,01/18/25 - 01/21/25,245,29,28,5,5.0 (25),1,https://www.airbnb.com/rooms/700212090262141071?check_in=2025-01-19&check_out=2025-01-22&guests=1&adults=1,74,3,222,0.906122449,23,0,23,0.09387755102,,TRUE,TRUE,TRUE,TRUE,TRUE,,,,,TRUE,,TRUE,,,TRUE,TRUE,,,TRUE,TRUE,TRUE,,,,,,,,,,,,,,,,,,,,,,,,,,,,,,,,,,,,,,,,,,,,,,,,,,,,,,,,,,,,,,,,,,,,,,,,,,,,,,,,,,,,,,,,,,,,,,,,,,
,19,320,145,0,175,0,0,0,0,0,53755520,,,,Loft in El Poblado,01/18/25 - 01/21/25,177,18,22,4.87,4.87 (260),12,https://www.airbnb.com/rooms/53755520?check_in=2025-01-19&check_out=2025-01-22&guests=1&adults=1,59,3,177,1,0,0,0,0,,TRUE,,TRUE,,,,,,TRUE,,,,,,,,TRUE,,,TRUE,,,,,,,,,,,,TRUE,,,,,,,,,,,,,,,,,,,,,,,,,,,,TRUE,,,,TRUE,TRUE,TRUE,TRUE,,,,,,,,,,,,,,,,,,,,,,,,,,,,,,,,,,,,,,,,,,,,,,,,,,,,
,20,315,150,0,165,0,0,0,0,0,1162338280209067856,,,,Loft in El Poblado,01/18/25 - 01/21/25,174,17,21,4.85,4.85 (39),14,https://www.airbnb.com/rooms/1162338280209067856?check_in=2025-01-19&check_out=2025-01-22&guests=1&adults=1,58,3,174,1,0,0,0,0,,TRUE,TRUE,TRUE,TRUE,,,,,TRUE,,,,,,,,,,TRUE,TRUE,,,,,,,,,,,,,,,,,,,,,,,,,TRUE,TRUE,,,,,,,,,,,,,,,,,,,,,,,,,TRUE,TRUE,,,,,,,,,,,,,,,,,,,,,,,,,,,,,,,,,,,,,,,,,,,,,,,
,21,315,165,0,150,0,0,0,0,0,1147516096563765685,,,,Loft in El Poblado,01/18/25 - 01/21/25,169,14,19,4.78,4.78 (32),17,https://www.airbnb.com/rooms/1147516096563765685?check_in=2025-01-19&check_out=2025-01-22&guests=1&adults=1,56,3,169,1,0,0,0,0,,TRUE,TRUE,TRUE,TRUE,,,,,TRUE,,,,,,,,,,TRUE,TRUE,,,,,,,,,,,,,,,,,,,,,,,,,TRUE,TRUE,,,,,,,,,,,,,,,,,,,,,,,,,TRUE,,,,,,,,TRUE,,,,,,,,,,,,,,,,,,,,,,,,,,,,,,,,,,,,,,,,
,22,310,155,0,155,0,0,0,0,0,53710693,,,,Loft in El Poblado,01/18/25 - 01/21/25,173,16,21,4.83,4.83 (206),16,https://www.airbnb.com/rooms/53710693?check_in=2025-01-19&check_out=2025-01-22&guests=1&adults=1,58,3,173,1,0,0,0,0,,TRUE,,TRUE,,,,,,TRUE,,,,,,,,TRUE,,,TRUE,,,,,,,,,,,,TRUE,,,,,,,,,,,,,,,,,,,,,,,,,,,,TRUE,,,,,,TRUE,TRUE,,,,,,,TRUE,TRUE,,,,,,,,,,,,,,,,,,,,,,,,,,,,,,,,,,,,,,,,,,,,
X,23,310,190,0,120,0,0,0,0,0,38868580,,,,Loft in Medellín,01/18/25 - 01/21/25,138,9,2,4.56,4.56 (146),23,https://www.airbnb.com/rooms/38868580?check_in=2025-01-19&check_out=2025-01-22&guests=1&adults=1,34,3,103,0.7463768116,18,17,35,0.2536231884,2 beds,TRUE,TRUE,,,,,FALSE,FALSE,,,,,,TRUE,,,,TRUE,,,,TRUE,,,,,,,,,,,,,,,,,,,,,,TRUE,,,,,,,TRUE,,,,,,,,,,,,,,,,,,,,,,,,,,,,,,,,,TRUE,,,,,,,,,,,,,,,,,,,,,,,,,,,,,,,,,,,
,24,305,120,0,185,0,0,0,0,0,594941022732437611,,,,Loft in El Poblado,01/18/25 - 01/21/25,203,23,25,4.9,4.9 (196),10,https://www.airbnb.com/rooms/594941022732437611?check_in=2025-01-19&check_out=2025-01-22&guests=1&adults=1,68,3,203,1,0,0,0,0,,TRUE,TRUE,TRUE,TRUE,,,,,,TRUE,,,,,TRUE,,,,,,,,,,,,,,,,,,,,,,,,,,,TRUE,,,TRUE,,,,,,TRUE,TRUE,TRUE,TRUE,,,,,,,,,,,,,,,,,,,,,,,,,,,,,,,,,,,,,,,,,,,,,,,,,,,,,,,,,,,,,,,,,
,25,305,175,0,130,0,0,0,0,0,862240654378549431,,,,Apartment in El Poblado,01/18/25 - 01/21/25,160,12,17,4.7,4.7 (27),21,https://www.airbnb.com/rooms/862240654378549431?check_in=2025-01-19&check_out=2025-01-22&guests=1&adults=1,53,3,158,0.9875,2,0,2,0.0125,1 bed,TRUE,TRUE,TRUE,,TRUE,,FALSE,,,,,TRUE,,,,TRUE,,,TRUE,,,,,,,,,,,,,,,,,,,,,,,,,,TRUE,TRUE,,,,,,,,,,,,,,,,,,,,,,,,,,,,,,,,,,,,,,,,,,,,,,,,,,,,,,,,,,,,,,,,,,,,,,,,,
,26,300,130,0,170,0,0,0,0,0,45238915,,,,Condo in El Poblado,01/18/25 - 01/21/25,189,21,12,4.86,4.86 (83),13,https://www.airbnb.com/rooms/45238915?check_in=2025-01-19&check_out=2025-01-22&guests=1&adults=1,46,3,139,0.7354497354,27,23,50,0.2645502646,,TRUE,TRUE,TRUE,,,,FALSE,FALSE,,TRUE,,,,,TRUE,,,,,TRUE,,TRUE,TRUE,,,,,,,,,,,,,,,TRUE,,,,,,,,,,,,,,,,,,,,,,,,,,,,,,,TRUE,,,,,,,,,,,,,,,,,,,,,,,,,,,,,,,,,,,,,,,,,,,,,,,,,,
,27,290,75,0,215,0,0,0,0,0,569013406988758799,,,,Vacation home in Medellín,01/18/25 - 01/21/25,268,32,26,4.96,4.96 (105),4,https://www.airbnb.com/rooms/569013406988758799?check_in=2025-01-19&check_out=2025-01-22&guests=1&adults=1,70,3,210,0.7835820896,25,33,58,0.2164179104,,TRUE,TRUE,TRUE,TRUE,,,,,,TRUE,,TRUE,,,TRUE,TRUE,,,,TRUE,,,,,,,,,,,,,,,,,TRUE,TRUE,TRUE,,,,,,,,,,,,,,,,,,,,,,,,,,,,,,,,,,,,,,,,,,,,,,,,,,,,,,,,,,,,,,,,,,,,,,,,,,,,,,,,
,28,290,95,0,195,0,0,0,0,0,22408604,,,,Loft in El Poblado,01/18/25 - 01/21/25,243,28,24,4.92,4.92 (268),8,https://www.airbnb.com/rooms/22408604?check_in=2025-01-19&check_out=2025-01-22&guests=1&adults=1,65,3,195,0.8024691358,18,30,48,0.1975308642,1 double bed,TRUE,TRUE,TRUE,,,,FALSE,FALSE,,TRUE,,,TRUE,,TRUE,TRUE,,,,,,,,,,,,,,,,,,,,,,TRUE,,,,,,,,,,TRUE,TRUE,,,,,,,,,,,,,,,,,,,,,,,,,,,,,,,,,,,,,,,,,,,,,,,,,,,,,,,,,,,,,,,,,,,,,,
,29,285,125,0,160,0,0,0,0,0,51978429,,,,Loft in El Poblado,01/18/25 - 01/21/25,195,22,24,4.84,4.84 (2672),15,https://www.airbnb.com/rooms/51978429?check_in=2025-01-19&check_out=2025-01-22&guests=1&adults=1,65,3,264,1.353846154,0,0,0,0,,TRUE,TRUE,TRUE,TRUE,,,,,TRUE,,,,,,,TRUE,,,TRUE,TRUE,,TRUE,TRUE,,,,,,,,,,,,,,,,,,,,,,,,,,,,,,,,,,,,,,,,,,,,TRUE,,,,,,,,,,,,,,,,,,,,,,,,,,,,,,,,,,,,,,,,,,,,,,,,,,,,
,30,285,160,0,125,0,0,0,0,0,1147480005589603298,,,,Loft in El Poblado,01/18/25 - 01/21/25,172,15,20,4.66,4.66 (47),22,https://www.airbnb.com/rooms/1147480005589603298?check_in=2025-01-19&check_out=2025-01-22&guests=1&adults=1,57,3,172,1,0,0,0,0,,TRUE,TRUE,TRUE,TRUE,,,,,TRUE,,,,,,,,,,TRUE,TRUE,,,,,,,,,,,,,,,,,,,,,,,,,TRUE,TRUE,,,,,,,,,,,,,,,TRUE,,,,,,,,,,TRUE,,,,,,,,,,,,,,,,,,,,,,,,,,,,,,,,,,,,,,,,,,,,,,,,
,31,280,50,0,230,0,0,0,0,0,1259560437690759843,,,,Condo in El Poblado,01/18/25 - 01/21/25,327,37,32,5,5.0 (9),1,https://www.airbnb.com/rooms/1259560437690759843?check_in=2025-01-19&check_out=2025-01-22&guests=1&adults=1,86,3,257,0.7859327217,30,40,70,0.2140672783,,TRUE,,TRUE,TRUE,TRUE,,,,,TRUE,,,,,TRUE,,,,TRUE,TRUE,,TRUE,TRUE,TRUE,TRUE,,,,,,,,,,,,,,,,,,,,,,,,,,,,,,,,,,,,,,,,,,,,,,,,,,,,,,,,,,,,,,,,,,,,,,,,,,,,,,,,,,,,,,,,,,,,,,
,32,280,55,0,225,0,0,0,0,0,992937410003992996,,,,Apartment in El Poblado,01/18/25 - 01/21/25,326,36,35,4.98,4.98 (43),2,https://www.airbnb.com/rooms/992937410003992996?check_in=2025-01-19&check_out=2025-01-22&guests=1&adults=1,92,3,345,1.058282209,50,0,50,0.1533742331,1 queen bed,TRUE,,TRUE,TRUE,,,,,,TRUE,,,,,TRUE,,,,,TRUE,,TRUE,,,,TRUE,TRUE,TRUE,TRUE,TRUE,,,,,,,,,,,,,,,,,,,,,,,,,,,,,,,,,,,,,,,,,,,,,,,,,,,,,,,,,,,,,,,,,,,,,,,,,,,,,,,,,,,,,,,,,
,33,280,65,0,215,0,0,0,0,0,38410981,,,,Apartment in El Poblado,01/18/25 - 01/21/25,305,34,30,4.96,4.96 (247),4,https://www.airbnb.com/rooms/38410981?check_in=2025-01-19&check_out=2025-01-22&guests=1&adults=1,80,3,241,0.7901639344,21,43,64,0.2098360656,1 king bed,TRUE,TRUE,TRUE,TRUE,,,FALSE,,,TRUE,,,,,TRUE,TRUE,,,,,,TRUE,,,,,,,,,,,,,,,,TRUE,,TRUE,TRUE,,,,,,,,,,,,,,,,,,,,,,,,,,,,,,,,,,,,,,,,,,,,,,,,,,,,,,,,,,,,,,,,,,,,,,,,,,,,,,
X,34,270,80,0,190,0,0,0,0,0,909611405036168334,Yes,,,Loft in El Poblado,01/18/25 - 01/21/25,260,31,26,4.91,4.91 (107),9,https://www.airbnb.com/rooms/909611405036168334?check_in=2025-01-19&check_out=2025-01-22&guests=1&adults=1,70,3,210,0.8076923077,18,32,50,0.1923076923,1 bed,TRUE,TRUE,TRUE,TRUE,,TRUE,FALSE,FALSE,,TRUE,TRUE,,TRUE,,TRUE,TRUE,,,,,,,,,,,,,,,,,,,,,,,,,,,,,,,,,,,,,,,,,,,,,,,,,,,,,,,,,,,,,,,,,,,,,,,,,,,,,,,,,,,,,,,,,,,,,,,,,,,,,,,
,35,260,45,0,215,0,0,0,0,0,1026310835862241345,,,,Apartment in El Poblado,01/18/25 - 01/21/25,333,38,33,4.96,4.96 (26),4,https://www.airbnb.com/rooms/1026310835862241345?check_in=2025-01-19&check_out=2025-01-22&guests=1&adults=1,89,3,267,0.8018018018,25,41,66,0.1981981982,,TRUE,TRUE,TRUE,,TRUE,,FALSE,,,TRUE,,,,,TRUE,,,,,,,TRUE,,,,,,,,,,,,TRUE,,,,TRUE,TRUE,,,TRUE,,,,,,,,,,,,,,,,,,,,,,,,,,,,,,,,,,,,,,,,,,,,,,,,,,,,,,,,,,,,,,,,,,,,,,,,,,,,,
,36,245,30,0,215,0,0,0,0,0,971629784939908909,,,,Apartment in El Poblado,01/18/25 - 01/21/25,369,41,36,4.96,4.96 (77),4,https://www.airbnb.com/rooms/971629784939908909?check_in=2025-01-19&check_out=2025-01-22&guests=1&adults=1,96,3,360,0.9756097561,35,46,81,0.2195121951,,TRUE,,TRUE,TRUE,,,FALSE,FALSE,,TRUE,TRUE,,,,TRUE,TRUE,,,,TRUE,,,,,,,,,,,,,,,,,,TRUE,,,,,TRUE,,,,,,,,,,,,,,,,,,,,,,,,,,,,,,,,,,,,,,,,,,,,,,,,,,,,,,,,,,,,,,,,,,,,,,,,,,,,
,37,245,85,0,160,0,0,0,0,0,44465094,,,,Apartment in El Poblado,01/18/25 - 01/21/25,248,30,31,4.84,4.84 (341),15,https://www.airbnb.com/rooms/44465094?check_in=2025-01-19&check_out=2025-01-22&guests=1&adults=1,83,3,248,1,0,0,0,0,,TRUE,TRUE,TRUE,TRUE,,,,,,TRUE,,,,,TRUE,,,,TRUE,TRUE,,,,,TRUE,,,,,,,TRUE,,,,,,,,TRUE,,,,,,,,,,,,,,,,,,,,,,,,,,,,,,,,,TRUE,,,,,,,,,,,,,,,,,,,,,,,,,,,,,,,,,,,,,,,,,,,,,,
,38,240,40,0,200,0,0,0,0,0,1236976789151819581,,,,Apartment in Medellín,01/18/25 - 01/21/25,348,39,35,4.93,4.93 (14),7,https://www.airbnb.com/rooms/1236976789151819581?check_in=2025-01-19&check_out=2025-01-22&guests=1&adults=1,92,3,276,0.7931034483,23,49,72,0.2068965517,2 beds,TRUE,TRUE,TRUE,TRUE,TRUE,,FALSE,FALSE,,TRUE,,,,,TRUE,,,,,,,,,,TRUE,,,,,,,,,,,,,,,,,,,,,,TRUE,,,,,,,,,,,,,,,,,,,,,,,,,,,,,,,,,,,,,,,,,,,,,,,,,,,,,,,,,,,,,,,,,,,,,,,,
,39,240,105,0,135,0,0,0,0,0,44156630,,,,Apartment in El Poblado,01/18/25 - 01/21/25,214,26,27,4.72,4.72 (403),20,https://www.airbnb.com/rooms/44156630?check_in=2025-01-19&check_out=2025-01-22&guests=1&adults=1,71,3,214,1,0,0,0,0,,TRUE,TRUE,TRUE,TRUE,,,,,TRUE,,TRUE,,,,,,,,TRUE,TRUE,,,,,,,,,,,,TRUE,,,,,,,,,,,,,,,,,,,,,,,,,,,,TRUE,,,,,,TRUE,,,,,,,,,,,,,,,,,,,,,,,,,,,,,,,,,,,,,,,,,,,,,,,,,,,,,
,40,235,100,0,135,0,0,0,0,0,983634933032164657,,,,Apartment in El Poblado,01/18/25 - 01/21/25,230,27,26,4.72,4.72 (36),20,https://www.airbnb.com/rooms/983634933032164657?check_in=2025-01-19&check_out=2025-01-22&guests=1&adults=1,70,3,210,0.9130434783,20,0,20,0.08695652174,2 beds,TRUE,TRUE,TRUE,TRUE,TRUE,TRUE,,,,,,,TRUE,,,TRUE,,,,,,,,,,,,,,,,,,,,,,,,,,,,,,,,,,,,,,,,,,TRUE,,,,,,,,,,,,,,,,,,,,,,,,,TRUE,,,,,,,,,,,,,,,,,,,,,,,,,,,,,,,,,,,,
,41,230,85,0,145,0,0,0,0,0,44395823,,,,Apartment in Medellín,01/18/25 - 01/21/25,248,30,31,4.77,4.77 (367),18,https://www.airbnb.com/rooms/44395823?check_in=2025-01-19&check_out=2025-01-22&guests=1&adults=1,83,3,248,1,0,0,0,0,,TRUE,,TRUE,TRUE,,,,,TRUE,,,,,,,,,,TRUE,TRUE,,,,,TRUE,,,,,,,TRUE,,,,,,,,,,,,,,,TRUE,,,,,,,,,,,,,,,,,,,,,,,,,,,,,,,,,TRUE,TRUE,,,,,,,,,,,,,,,,,,,,,,,,,,,,,,,,,,,,,,
X,42,225,110,0,115,0,0,0,0,0,1317613543110766761,,,,Apartment in El Poblado,01/18/25 - 01/21/25,207,25,17,,New,24,https://www.airbnb.com/rooms/1317613543110766761?check_in=2025-01-19&check_out=2025-01-22&guests=1&adults=1,53,3,159,0.768115942,19,29,48,0.231884058,,TRUE,TRUE,,TRUE,TRUE,TRUE,FALSE,FALSE,,,,TRUE,,,,TRUE,,,,,,,,,,,,,,,,,,,,,,,,,,,,TRUE,,,,,,,,,,,,,,,,,,,,,,,,,,,,,,,,,,,,,,,,,,,,,,,,,,,,,,,,,,,,,,,,,,,,,,,,,,,
,43,220,35,0,185,0,0,0,0,0,1047828197680109801,,,,Apartment in Medellín,01/18/25 - 01/21/25,351,40,38,4.9,4.9 (30),10,https://www.airbnb.com/rooms/1047828197680109801?check_in=2025-01-19&check_out=2025-01-22&guests=1&adults=1,100,3,381,1.085470085,50,0,50,0.1424501425,1 king bed,TRUE,,TRUE,TRUE,TRUE,,,,,TRUE,,,,,TRUE,,,,,TRUE,,TRUE,TRUE,,,,,,TRUE,,,,,,,,,,,,,,,,,,,,,,,,,,TRUE,TRUE,,,,,,,,,,,,,,,,,,,,,,,,,,,,,,,,,,,,,,,,,,,,,,,,,,,,,,,,,,,,,,,
,44,215,60,0,155,0,0,0,0,0,4502817,,,,Apartment in Medellín,01/18/25 - 01/21/25,307,35,34,4.83,4.83 (168),16,https://www.airbnb.com/rooms/4502817?check_in=2025-01-19&check_out=2025-01-22&guests=1&adults=1,91,3,272,0.8859934853,35,0,35,0.1140065147,2 beds,TRUE,TRUE,TRUE,TRUE,,,,,,TRUE,,,,,TRUE,TRUE,,,,TRUE,,TRUE,,,,,,,,,,,,,,,,,,,,,,,,,,,,,,,,,,,,,,,,,,,,,,,,,,,,,,TRUE,TRUE,TRUE,,,,,,,,,,,,,,,,,,,,,,,,,,,,,,,,,,,,,,,,,
X,45,210,70,0,140,0,0,0,0,0,13658223,Yes,,,Apartment in El Poblado,01/18/25 - 01/21/25,291,33,29,4.75,4.75 (251),19,https://www.airbnb.com/rooms/13658223?check_in=2025-01-19&check_out=2025-01-22&guests=1&adults=1,75,3,225,0.7731958763,30,36,66,0.2268041237,,TRUE,TRUE,,TRUE,TRUE,TRUE,FALSE,,TRUE,,,TRUE,,,,TRUE,,,,,,,,,,,,,,,,,,,,,,,,,,,,,,,TRUE,,,,,,,,,,,,,,,,,,,,,,,,,,,,,,,,,,,TRUE,,,,,,,,,,,,,,,,,,,,,,,,,,,,,,,,,,,,,
X,46,205,25,0,180,0,0,0,0,0,846307105899108594,Yes,,,Condo in El Poblado,01/18/25 - 01/21/25,373,42,37,4.88,4.88 (93),11,https://www.airbnb.com/rooms/846307105899108594?check_in=2025-01-19&check_out=2025-01-22&guests=1&adults=1,99,3,297,0.7962466488,30,46,76,0.2037533512,,TRUE,TRUE,TRUE,TRUE,,,,,,TRUE,TRUE,,,,TRUE,TRUE,,,TRUE,TRUE,,TRUE,,,,,,,,,,,,,,,,,,,,,,,,,,,,,,,,,,,,,TRUE,,,,,,,,,,,,,,,,,,,,,,,,,,,,,,,,,,,,,,,,,,,,,,,,,,,,,,,,,,,,