,rank,totalRankScore,totalPriceRankScore,nightlyRateScore,reviewRankScore,rareFindScore,acScore,wifiScore,guestFavoriteScore,superhostScore,id,,,,title,dates,totalPrice,totalPriceRank,nightlyRateRank,reviewScore,reviewScoreString,reviewScoreRank,url,nightlyRateDisplay,nights,nightlyTotalDisplay,nightlyTotalDisplayPercent,cleaningFee,airbnbFee,feeTotal,feePercent,beds,Guest favorite,Kitchen,Wifi,Dedicated workspace,Free parking on premises,TV,Washer,Carbon monoxide alarm,Smoke alarm,Superhost,guest_favorite,TV with standard cable,Air conditioning,Luggage dropoff allowed,Refrigerator,Pets allowed,Microwave,Elevator,Crib,Exterior security cameras on property,Free parking garage on premises – 1 space,40 inch HDTV,Paid washer – In building,55 inch HDTV with Netflix,Free washer – In unit,Free dryer – In unit,City skyline view,Courtyard view,Central air conditioning,Fast wifi – 224 Mbps,50 inch HDTV,Hair dryer,Free street parking,43 inch HDTV,Free washer – In building,Dryer,AC - split type ductless system,Shared sauna,Pool,Hot tub,Free dryer – In building,Fast wifi – 503 Mbps,42 inch HDTV with premium cable,Bathtub,Shared outdoor pool - open specific hours,rooftop,43 inch HDTV with Netflix,Fast wifi – 249 Mbps,Free carport on premises – 2 spaces,Shared outdoor pool - available all year,open specific hours,Shared hot tub - available all year,open specific hours,Paid dryer – In building,Mountain view,65 inch HDTV with Netflix,premium cable,Smoking allowed,Fast wifi – 264 Mbps,Shared pool,43 inch HDTV with Netflix,standard cable,premium cable,Fast wifi – 326 Mbps,HDTV with Amazon Prime Video,Apple TV,Disney+,Netflix,Free driveway parking on premises – 1 space,Shared patio or balcony,Private patio or balcony,Long term stays allowed,Private hot tub - available all year,open 24 hours,43 inch HDTV with Netflix,standard cable,Disney+,HBO Max,Amazon Prime Video,Shared outdoor pool,Shared hot tub,43 inch HDTV with standard cable,premium cable,Netflix,Private hot tub,55 inch HDTV with standard cable,High chair,43 inch HDTV with Netflix,standard cable,Garden view,42 inch HDTV with Netflix,standard cable,Fast wifi – 330 Mbps,Private backyard,Paid parking lot off premises
X,1,630,310,0,320,0,0,0,0,0,1080734644084993575,,,,Apartment in Las Palmas,01/18/25 - 01/21/25,108,3,4,5,5.0 (20),1,https://www.airbnb.com/rooms/1080734644084993575?check_in=2025-01-19&check_out=2025-01-22&guests=1&adults=1,31,3,93,0.8611111111,0,15,15,0.1388888889,,TRUE,,,,,,,,,,,,,,,,,,,,,,,,,,,,,,,,,,,,,,,,,,,,,,,,,,,,,,,,,,,,,,,,,,,,,,,,,,,,,,,,,,,,,,,,,,,,,,
,2,620,320,0,300,0,0,0,0,0,1012494277776847329,,,,Apartment in Guayabal,01/18/25 - 01/21/25,57,1,1,4.92,4.92 (37),5,https://www.airbnb.com/rooms/1012494277776847329?check_in=2025-01-19&check_out=2025-01-22&guests=1&adults=1,13,3,38,0.6666666667,11,8,19,0.3333333333,,TRUE,,,,,,,,,,,,,,,,,,,,,,,,,,,,,,,,,,,,,,,,,,,,,,,,,,,,,,,,,,,,,,,,,,,,,,,,,,,,,,,,,,,,,,,,,,,,,,
,3,605,285,0,320,0,0,0,0,0,1287970672680210638,,,,Apartment in El Poblado,01/18/25 - 01/21/25,128,8,8,5,5.0 (4),1,https://www.airbnb.com/rooms/1287970672680210638?check_in=2025-01-19&check_out=2025-01-22&guests=1&adults=1,37,3,110,0.859375,18,0,18,0.140625,,,TRUE,TRUE,TRUE,TRUE,TRUE,TRUE,FALSE,FALSE,TRUE,,,,,,,,,,,,,,,,,,,,,,,,,,,,,,,,,,,,,,,,,,,,,,,,,,,,,,,,,,,,,,,,,,,,,,,,,,,,,,,,,,,,,
,4,590,275,0,315,0,0,0,0,0,1267570302224081748,,,,Loft in Laureles-Estadio,01/18/25 - 01/21/25,131,10,15,4.96,4.96 (24),2,https://www.airbnb.com/rooms/1267570302224081748?check_in=2025-01-19&check_out=2025-01-22&guests=1&adults=1,44,3,131,1,0,0,0,0,,TRUE,,,,,,,,,,,,,,,,,,,,,,,,,,,,,,,,,,,,,,,,,,,,,,,,,,,,,,,,,,,,,,,,,,,,,,,,,,,,,,,,,,,,,,,,,,,,,,
,5,585,305,0,280,0,0,0,0,0,796559987055409573,,,,Apartment in Medellín,01/18/25 - 01/21/25,111,4,4,4.88,4.88 (17),9,https://www.airbnb.com/rooms/796559987055409573?check_in=2025-01-19&check_out=2025-01-22&guests=1&adults=1,31,3,93,0.8378378378,18,0,18,0.1621621622,2 beds,,TRUE,TRUE,TRUE,TRUE,,,FALSE,,TRUE,,,,,,,,,,,,,,,,TRUE,TRUE,,,,,,,,TRUE,,,,,,,,TRUE,TRUE,,,,,,,,,,,,,,,,,,,,,,,,,,,,,,,,,,,,,,,,,,,,,,,,,,,
,6,565,260,0,305,0,0,0,0,0,1150371730425245990,,,,Loft in Laureles-Estadio,01/18/25 - 01/21/25,136,13,16,4.93,4.93 (44),4,https://www.airbnb.com/rooms/1150371730425245990?check_in=2025-01-19&check_out=2025-01-22&guests=1&adults=1,45,3,136,1,0,0,0,0,,TRUE,TRUE,TRUE,TRUE,,,,,,,TRUE,,,,,,,TRUE,,TRUE,,,,,,,,,,,,,TRUE,TRUE,TRUE,TRUE,TRUE,,,,,,,,,,,,,,,,,,,,,,,,,,,,,,,,,,,,,,,,,,,,,,,,,,,,,,,,,,
,7,555,290,0,265,0,0,0,0,0,1011793343837796308,,,,Apartment in El Poblado,01/18/25 - 01/21/25,126,7,7,4.85,4.85 (34),12,https://www.airbnb.com/rooms/1011793343837796308?check_in=2025-01-19&check_out=2025-01-22&guests=1&adults=1,36,3,108,0.8571428571,18,0,18,0.1428571429,2 beds,TRUE,TRUE,TRUE,TRUE,,TRUE,TRUE,FALSE,FALSE,,TRUE,,,,TRUE,TRUE,,,,,,,,,,,,,,,,,,,,,,,,,,,,,,,,,,,,,,TRUE,,,,,,,,,,,,,,,,,,,,,,,,,,,,,,,,,,,,,,,,,
,8,555,315,0,240,0,0,0,0,0,1271147162761970978,,,,Loft in Laureles-Estadio,01/18/25 - 01/21/25,106,2,6,4.8,4.8 (20),17,https://www.airbnb.com/rooms/1271147162761970978?check_in=2025-01-19&check_out=2025-01-22&guests=1&adults=1,35,3,106,1,0,0,0,0,,,,TRUE,TRUE,,TRUE,TRUE,FALSE,FALSE,,,,,,,TRUE,,TRUE,,TRUE,,,,,,,,,,,,,,,,TRUE,,,,,,,,,,,,,,,,,,,,,,,,,,,,,,,,,,,,,,,,,,,,,,,,,,,,,,,,,,,
,9,550,260,0,290,0,0,0,0,0,1148562372019029958,,,,Loft in Laureles-Estadio,01/18/25 - 01/21/25,136,13,16,4.9,4.9 (42),7,https://www.airbnb.com/rooms/1148562372019029958?check_in=2025-01-19&check_out=2025-01-22&guests=1&adults=1,45,3,136,1,0,0,0,0,,TRUE,TRUE,TRUE,TRUE,,TRUE,TRUE,,,,TRUE,,TRUE,,,,,TRUE,,TRUE,,,,,,,,,,,,,TRUE,,,TRUE,,,,,,,,,,,,,,,,,,,,,,,,,,,,,,,,,,,,,,,,,,,,,,,,,,,,,,,,,,,
,10,540,220,0,320,0,0,0,0,0,1215240162994784824,,,,Apartment in Laureles-Estadio,01/18/25 - 01/21/25,156,21,11,5,5.0 (11),1,https://www.airbnb.com/rooms/1215240162994784824?check_in=2025-01-19&check_out=2025-01-22&guests=1&adults=1,40,3,119,0.7628205128,15,22,37,0.2371794872,1 bed,TRUE,TRUE,TRUE,TRUE,,,TRUE,FALSE,FALSE,,TRUE,TRUE,TRUE,TRUE,TRUE,,,,,,,,,,,,,,,,,,,,,,,,,,,,,,,,,,,,,,,,,,,,,,,,,,,,,,,,,,,,,,,,,,,,,,,,,,,,,,,,
,11,535,265,0,270,0,0,0,0,0,42568186,,,,Apartment in El Poblado,01/18/25 - 01/21/25,135,12,10,4.86,4.86 (162),11,https://www.airbnb.com/rooms/42568186?check_in=2025-01-19&check_out=2025-01-22&guests=1&adults=1,39,3,118,0.8740740741,0,17,17,0.1259259259,,TRUE,,,,,,,,,,,,,,,,,,,,,,,,,,,,,,,,,,,,,,,,,,,,,,,,,,,,,,,,,,,,,,,,,,,,,,,,,,,,,,,,,,,,,,,,,,,,,,
,12,530,255,0,275,0,0,0,0,0,1152135982079745771,,,,Loft in El Poblado,01/18/25 - 01/21/25,137,14,17,4.87,4.87 (55),10,https://www.airbnb.com/rooms/1152135982079745771?check_in=2025-01-19&check_out=2025-01-22&guests=1&adults=1,46,3,137,1,0,0,0,0,,TRUE,,,,,,,,,,,,,,,,,,,,,,,,,,,,,,,,,,,,,,,,,,,,,,,,,,,,,,,,,,,,,,,,,,,,,,,,,,,,,,,,,,,,,,,,,,,,,,
,13,530,280,0,250,0,0,0,0,0,1131913007910052427,,,,Loft in El Poblado,01/18/25 - 01/21/25,130,9,14,4.82,4.82 (50),15,https://www.airbnb.com/rooms/1131913007910052427?check_in=2025-01-19&check_out=2025-01-22&guests=1&adults=1,43,3,130,1,0,0,0,0,,,,,,,,,,,TRUE,,,,,,,,,,,,,,,,,,,,,,,,,,,,,,,,,,,,,,,,,,,,,,,,,,,,,,,,,,,,,,,,,,,,,,,,,,,,,,,,,,,,,
,14,530,300,0,230,0,0,0,0,0,34362282,,,,Loft in El Poblado,01/18/25 - 01/21/25,115,5,2,4.78,4.78 (121),19,https://www.airbnb.com/rooms/34362282?check_in=2025-01-19&check_out=2025-01-22&guests=1&adults=1,27,3,81,0.7043478261,18,16,34,0.2956521739,2 beds,,TRUE,TRUE,,,,TRUE,,,,,TRUE,,,TRUE,,TRUE,TRUE,,,,,,,,,,,,,,TRUE,,,,,,,,,,,,,,,,,,,,,,,,,,,,,,TRUE,TRUE,,,,,,,,,,,,,,,,,,,,,,,,,,,,,,,,
,15,520,200,0,320,0,0,0,0,0,1263769456381535784,,,,Apartment in Medellín,01/18/25 - 01/21/25,169,25,20,5,5.0 (12),1,https://www.airbnb.com/rooms/1263769456381535784?check_in=2025-01-19&check_out=2025-01-22&guests=1&adults=1,50,3,165,0.9763313609,0,21,21,0.124260355,,TRUE,,,,,,,,,,,,,,,,,,,,,,,,,,,,,,,,,,,,,,,,,,,,,,,,,,,,,,,,,,,,,,,,,,,,,,,,,,,,,,,,,,,,,,,,,,,,,,
,16,520,205,0,315,0,0,0,0,0,10450836,,,,Apartment in El Poblado,01/18/25 - 01/21/25,163,24,12,4.96,4.96 (25),2,https://www.airbnb.com/rooms/10450836?check_in=2025-01-19&check_out=2025-01-22&guests=1&adults=1,41,3,123,0.754601227,20,20,40,0.245398773,,TRUE,TRUE,TRUE,,,,,FALSE,FALSE,,TRUE,,,,,TRUE,,TRUE,,TRUE,TRUE,TRUE,TRUE,,,,,,,,,,,,,,,,,,,,,,,,,,,,,,,,,,,,,,,,,,,,,,,,,,,,,,,,,,,,,,,,,,,,,,,,
,17,510,205,0,305,0,0,0,0,0,716014686002708737,,,,Apartment in Laureles-Estadio,01/18/25 - 01/21/25,163,24,12,4.93,4.93 (120),4,https://www.airbnb.com/rooms/716014686002708737?check_in=2025-01-19&check_out=2025-01-22&guests=1&adults=1,41,3,123,0.754601227,20,20,40,0.245398773,1 queen bed,TRUE,TRUE,TRUE,TRUE,TRUE,TRUE,TRUE,,,,TRUE,,,,,,,TRUE,,,,,,,,,TRUE,,,,,,,,,,TRUE,TRUE,,,,,,,,,,,,,,,,,,,,,,,,,,,,,,,,,,,,,,,,,,,,,,,,,,,,,,,,,
,18,505,295,0,210,0,0,0,0,0,50651999,,,,Loft in El Poblado,01/18/25 - 01/21/25,116,6,3,4.74,4.74 (136),23,https://www.airbnb.com/rooms/50651999?check_in=2025-01-19&check_out=2025-01-22&guests=1&adults=1,29,3,87,0.75,15,14,29,0.25,,,TRUE,TRUE,TRUE,TRUE,TRUE,TRUE,FALSE,FALSE,TRUE,,,,,,,,TRUE,,,,,,,,,TRUE,,,,,,,,,,,,,,,,,,,,,,,,,,,,,,,,,,,,,,,,,,,,,,,,,,,,,,,,,,,,,,,,,,,,
,19,500,180,0,320,0,0,0,0,0,1104954952870986093,,,,Apartment in El Poblado,01/18/25 - 01/21/25,173,29,21,5,5.0 (8),1,https://www.airbnb.com/rooms/1104954952870986093?check_in=2025-01-19&check_out=2025-01-22&guests=1&adults=1,51,3,153,0.8843930636,20,0,20,0.1156069364,,,TRUE,TRUE,,,TRUE,,FALSE,FALSE,TRUE,,,TRUE,,TRUE,TRUE,TRUE,,,,,,,,,,,,,,,,,,,,,,,,,,,,,,,,,,,,,,,,,,,,,,,,,,,,,,,,,,,,,,,,,,,,,,,,,,,,,,
,20,500,215,0,285,0,0,0,0,0,901514694971511175,,,,Apartment in El Poblado,01/18/25 - 01/21/25,157,22,16,4.89,4.89 (62),8,https://www.airbnb.com/rooms/901514694971511175?check_in=2025-01-19&check_out=2025-01-22&guests=1&adults=1,45,3,135,0.8598726115,22,0,22,0.1401273885,1 double bed,TRUE,TRUE,,TRUE,,TRUE,TRUE,FALSE,FALSE,,TRUE,,,,,TRUE,,,,TRUE,,,,,,,,,,,,,,,,,TRUE,,,,,TRUE,,,,,,,,,,,,,,,,,,,,,,,,,,,,,,,,,,,,,,,,,,,,,,,,,,,,,
,21,495,220,0,275,0,0,0,0,0,1015546716987276144,,,,Apartment in El Poblado,01/18/25 - 01/21/25,156,21,22,4.87,4.87 (61),10,https://www.airbnb.com/rooms/1015546716987276144?check_in=2025-01-19&check_out=2025-01-22&guests=1&adults=1,52,3,156,1,0,0,0,0,,TRUE,TRUE,TRUE,TRUE,,,,,,,TRUE,,,,,TRUE,,,,TRUE,,,,,,,,,,,,TRUE,,,TRUE,,TRUE,,,,TRUE,,,,,TRUE,,,,,,,,,,,,,,,,,,,,,,,,,,,,,,,,,,,,,,,,,,,,,,,,,
,22,495,230,0,265,0,0,0,0,0,53710799,,,,Loft in El Poblado,01/18/25 - 01/21/25,146,19,19,4.85,4.85 (211),12,https://www.airbnb.com/rooms/53710799?check_in=2025-01-19&check_out=2025-01-22&guests=1&adults=1,49,3,146,1,0,0,0,0,,,TRUE,,TRUE,TRUE,,,,,TRUE,,,,,,TRUE,,,,,,,TRUE,,,,,,,,,,,TRUE,,,,,,,,,,,,,,,TRUE,TRUE,TRUE,,,,TRUE,,,,,,,,,,,,,,,,,,,,,,,,,,,,,,,,,,,,,,,,
,23,495,270,0,225,0,0,0,0,0,1181139724598304502,,,,Apartment in El Poblado,01/18/25 - 01/21/25,133,11,9,4.77,4.77 (35),20,https://www.airbnb.com/rooms/1181139724598304502?check_in=2025-01-19&check_out=2025-01-22&guests=1&adults=1,38,3,114,0.8571428571,0,19,19,0.1428571429,,,TRUE,TRUE,TRUE,,,,FALSE,,,,,,,TRUE,,,,,TRUE,,,,,,,,,,,,,,,,,,,,,,,,,,,,,,,,,,,,,,,,,,,,,,,,,,,,,,,,,,,,,,,,,,,,,,,,,,,
,24,490,225,0,265,0,0,0,0,0,673036544778382250,,,,Loft in El Poblado,01/18/25 - 01/21/25,154,20,10,4.85,4.85 (52),12,https://www.airbnb.com/rooms/673036544778382250?check_in=2025-01-19&check_out=2025-01-22&guests=1&adults=1,39,3,118,0.7662337662,14,22,36,0.2337662338,2 beds,,TRUE,TRUE,TRUE,TRUE,TRUE,,FALSE,FALSE,TRUE,,,,,,TRUE,,TRUE,,,,,,,,,,,,,,,,,,,,TRUE,,,,,,,,,,,,,,,,,,,,,,,,,,,,,,,,,,,,,,,,,,,,,,,,,,,,,,,,,
,25,470,270,0,200,0,0,0,0,0,961029248039766332,,,,Apartment in El Poblado,01/18/25 - 01/21/25,133,11,9,4.71,4.71 (34),25,https://www.airbnb.com/rooms/961029248039766332?check_in=2025-01-19&check_out=2025-01-22&guests=1&adults=1,38,3,115,0.8646616541,18,0,18,0.1353383459,1 double bed,,TRUE,TRUE,TRUE,TRUE,TRUE,,,,TRUE,,,,,,,,,,,,,,,TRUE,,TRUE,,,,,,,,,,,,,,,,,TRUE,,,,,,,,TRUE,,,,,,,,,,,,,,,,,,,TRUE,,,,,,,,,,,,,,,,,,,,,,,,
,26,465,165,0,300,0,0,0,0,0,1181192029626977467,,,,Apartment in El Poblado,01/18/25 - 01/21/25,179,32,14,4.92,4.92 (24),5,https://www.airbnb.com/rooms/1181192029626977467?check_in=2025-01-19&check_out=2025-01-22&guests=1&adults=1,43,3,130,0.7262569832,27,22,49,0.2737430168,1 bed,TRUE,TRUE,TRUE,TRUE,,,TRUE,FALSE,FALSE,,TRUE,TRUE,TRUE,,,TRUE,,,,,,,,,,,,,,,,,,,,,,,,,TRUE,,,,,,,,,,,,,,,,,,,,,,,,,,,,,,,,,,,,,,,,,,,,,,,,,,,,,,
,27,455,145,0,310,0,0,0,0,0,52215325,,,,Apartment in El Poblado,01/18/25 - 01/21/25,205,36,30,4.95,4.95 (117),3,https://www.airbnb.com/rooms/52215325?check_in=2025-01-19&check_out=2025-01-22&guests=1&adults=1,60,3,180,0.8780487805,0,25,25,0.1219512195,,TRUE,TRUE,TRUE,TRUE,TRUE,,,,,,TRUE,,,TRUE,,,,TRUE,,,,,,,,,TRUE,,TRUE,,TRUE,TRUE,,,,,,,,,,,,,,,,,,,,,,,,,,,,,,,,,,,,,,,,,,,,,,,,,,,,,,,,,,,,,,,
,28,450,130,0,320,0,0,0,0,0,700212090262141071,,,,Apartment in Medellín,01/18/25 - 01/21/25,245,39,35,5,5.0 (25),1,https://www.airbnb.com/rooms/700212090262141071?check_in=2025-01-19&check_out=2025-01-22&guests=1&adults=1,74,3,222,0.906122449,23,0,23,0.09387755102,,TRUE,TRUE,TRUE,TRUE,TRUE,TRUE,,,,,TRUE,,TRUE,,,TRUE,,TRUE,TRUE,TRUE,,,,,,,,,,,,,,,,,,,,,,,,,,,,,,,,,,,,,,,,,,,,,,,,,,,,,,,,,,,,,,,,,,,,,,,,,,,
,29,445,170,0,275,0,0,0,0,0,53755520,,,,Loft in El Poblado,01/18/25 - 01/21/25,177,31,29,4.87,4.87 (260),10,https://www.airbnb.com/rooms/53755520?check_in=2025-01-19&check_out=2025-01-22&guests=1&adults=1,59,3,177,1,0,0,0,0,,,TRUE,,TRUE,,,,,,TRUE,,,,,,TRUE,,,,,,,TRUE,,,,,,,,,,,TRUE,,,,,,,,,,,,,TRUE,TRUE,TRUE,TRUE,TRUE,,,,,,,,,,,,,,,,,,,,,,,,,,,,,,,,,,,,,,,,,,,,
,30,440,150,0,290,0,0,0,0,0,594941022732437611,,,,Loft in Medellín,01/18/25 - 01/21/25,203,35,32,4.9,4.9 (196),7,https://www.airbnb.com/rooms/594941022732437611?check_in=2025-01-19&check_out=2025-01-22&guests=1&adults=1,68,3,203,1,0,0,0,0,,TRUE,,,,,,,,,,,,,,,,,,,,,,,,,,,,,,,,,,,,,,,,,,,,,,,,,,,,,,,,,,,,,,,,,,,,,,,,,,,,,,,,,,,,,,,,,,,,,,
,31,440,175,0,265,0,0,0,0,0,1162338280209067856,,,,Loft in Medellín,01/18/25 - 01/21/25,174,30,28,4.85,4.85 (39),12,https://www.airbnb.com/rooms/1162338280209067856?check_in=2025-01-19&check_out=2025-01-22&guests=1&adults=1,58,3,174,1,0,0,0,0,,,,,,,,,,,TRUE,,,,,,,,,,,,,,,,,,,,,,,,,,,,,,,,,,,,,,,,,,,,,,,,,,,,,,,,,,,,,,,,,,,,,,,,,,,,,,,,,,,,,
X,32,435,180,0,255,0,0,0,0,0,53710693,Yes,,,Loft in Medellín,01/18/25 - 01/21/25,173,29,28,4.83,4.83 (206),14,https://www.airbnb.com/rooms/53710693?check_in=2025-01-19&check_out=2025-01-22&guests=1&adults=1,58,3,173,1,0,0,0,0,,,,,,,,,,,TRUE,,,,,,,,,,,,,,,,,,,,,,,,,,,,,,,,,,,,,,,,,,,,,,,,,,,,,,,,,,,,,,,,,,,,,,,,,,,,,,,,,,,,,
,33,430,115,0,315,0,0,0,0,0,569013406988758799,,,,Vacation home in El Poblado,01/18/25 - 01/21/25,268,42,33,4.96,4.96 (105),2,https://www.airbnb.com/rooms/569013406988758799?check_in=2025-01-19&check_out=2025-01-22&guests=1&adults=1,70,3,210,0.7835820896,25,33,58,0.2164179104,,TRUE,TRUE,TRUE,TRUE,TRUE,,,,,,TRUE,,TRUE,,,TRUE,,TRUE,,,,,,TRUE,TRUE,TRUE,,,,,,,,,,,,,,,,,,,,,,,,,,,,,,,,,,,,,,,,,,,,,,,,,,,,,,,,,,,,,,,,,,,,,
,34,430,160,0,270,0,0,0,0,0,45238915,,,,Condo in El Poblado,01/18/25 - 01/21/25,189,33,17,4.86,4.86 (83),11,https://www.airbnb.com/rooms/45238915?check_in=2025-01-19&check_out=2025-01-22&guests=1&adults=1,46,3,139,0.7354497354,27,23,50,0.2645502646,,TRUE,TRUE,TRUE,TRUE,,,,FALSE,FALSE,,TRUE,,,,,TRUE,,,,,,,,,TRUE,,TRUE,,,,,,,,,,,,,,,,,,,,,,,,,TRUE,TRUE,,,,,,,,,,,,,,,,,,,,,,,,,,,,,,,,,,,,,,,,,,
,35,430,200,0,230,0,0,0,0,0,1147516096563765685,,,,Loft in El Poblado,01/18/25 - 01/21/25,169,25,26,4.78,4.78 (32),19,https://www.airbnb.com/rooms/1147516096563765685?check_in=2025-01-19&check_out=2025-01-22&guests=1&adults=1,56,3,169,1,0,0,0,0,,,TRUE,TRUE,TRUE,TRUE,,,,,TRUE,,,,,,TRUE,,,,TRUE,,,,,,,,,,,,,,,TRUE,,,,,,TRUE,,,,,,,,,,,,,,,,,,,,,,,TRUE,TRUE,,,,,,,,,,,,,,,,,,,,,,,,,,,,,,
,36,430,210,0,220,0,0,0,0,0,44676951,,,,Loft in El Poblado,01/18/25 - 01/21/25,160,23,23,4.76,4.76 (324),21,https://www.airbnb.com/rooms/44676951?check_in=2025-01-19&check_out=2025-01-22&guests=1&adults=1,53,3,160,1,0,0,0,0,,,TRUE,TRUE,TRUE,TRUE,,,,,TRUE,,,,,,TRUE,,,,TRUE,,,TRUE,,,,,,,,,,,,,,,,,,,,,,,,,,,,,,,,,,,,,,,,,,,TRUE,TRUE,TRUE,,,,,,,,,,,,,,,,,,,,,,,,,,,
,37,430,250,0,180,0,0,0,0,0,38868580,,,,Loft in Medellín,01/18/25 - 01/21/25,138,15,5,4.56,4.56 (146),29,https://www.airbnb.com/rooms/38868580?check_in=2025-01-19&check_out=2025-01-22&guests=1&adults=1,34,3,103,0.7463768116,18,17,35,0.2536231884,2 beds,,TRUE,TRUE,,,,,FALSE,FALSE,,,,,,TRUE,,TRUE,,,,,,,,,,TRUE,,,,,TRUE,,,,,,,,,,,,,,,,,,,,,,,,,,,,,,,,,,,,,,,,,TRUE,TRUE,,,,,,,,,,,,,,,,,,,,,
,38,425,235,0,190,0,0,0,0,0,44324874,,,,Loft in El Poblado,01/18/25 - 01/21/25,144,18,18,4.69,4.69 (298),27,https://www.airbnb.com/rooms/44324874?check_in=2025-01-19&check_out=2025-01-22&guests=1&adults=1,48,3,144,1,0,0,0,0,,,TRUE,TRUE,TRUE,TRUE,,,,,TRUE,,TRUE,,,,TRUE,,,,TRUE,,,TRUE,,,,,,,,,,,,,,,,TRUE,TRUE,,,,,,,,,,,,,,,,,,,,,,,,,,,,,,,,,,,,,,,,,,,,,,,,,,,,,,,
,39,420,245,0,175,0,0,0,0,0,1207395050771228416,,,,Apartment in El Poblado,01/18/25 - 01/21/25,141,16,13,4.44,4.44 (9),30,https://www.airbnb.com/rooms/1207395050771228416?check_in=2025-01-19&check_out=2025-01-22&guests=1&adults=1,42,3,126,0.8936170213,15,0,15,0.1063829787,,,TRUE,,TRUE,TRUE,TRUE,TRUE,FALSE,,TRUE,,,TRUE,,,TRUE,,TRUE,,,,,,,,,,,,,,,,,,,,,,,,,,,,,,,,,,,,,,,,,,,,,,,,,,,,,,,,,TRUE,,,,,,,,,,,,,,,,,,,,
,40,415,120,0,295,0,0,0,0,0,909611405036168334,,,,Loft in Medellín,01/18/25 - 01/21/25,260,41,33,4.91,4.91 (107),6,https://www.airbnb.com/rooms/909611405036168334?check_in=2025-01-19&check_out=2025-01-22&guests=1&adults=1,70,3,210,0.8076923077,18,32,50,0.1923076923,1 bed,TRUE,,,,,,,,,,,,,,,,,,,,,,,,,,,,,,,,,,,,,,,,,,,,,,,,,,,,,,,,,,,,,,,,,,,,,,,,,,,,,,,,,,,,,,,,,,,,,,
,41,415,155,0,260,0,0,0,0,0,51978429,,,,Loft in Medellín,01/18/25 - 01/21/25,195,34,31,4.84,4.84 (2672),13,https://www.airbnb.com/rooms/51978429?check_in=2025-01-19&check_out=2025-01-22&guests=1&adults=1,65,3,264,1.353846154,0,0,0,0,,,TRUE,TRUE,TRUE,TRUE,,,,,TRUE,,,,,,TRUE,,TRUE,,TRUE,,,,,,,TRUE,,,,,,,TRUE,,,,,,,,,,,,,,,,,,TRUE,,,,,,,,,,,,,,,,,,,,,,,,,,,,,,,,,,,,,,,,,,,
,42,415,265,0,150,0,0,0,0,0,54258138,,,,Apartment in El Poblado,01/18/25 - 01/21/25,135,12,13,3.71,3.71 (14),35,https://www.airbnb.com/rooms/54258138?check_in=2025-01-19&check_out=2025-01-22&guests=1&adults=1,42,3,127,0.9407407407,8,0,8,0.05925925926,,,,,,,,,,,,,,,,,,,,,,,,,,,,,,,,,,,,,,,,,,,,,,,,,,,,,,,,,,,,,,,,,,,,,,,,,,,,,,,,,,,,,,,,,,,,,,,,
,43,405,90,0,315,0,0,0,0,0,1026310835862241345,,,,Apartment in El Poblado,01/18/25 - 01/21/25,333,47,39,4.96,4.96 (26),2,https://www.airbnb.com/rooms/1026310835862241345?check_in=2025-01-19&check_out=2025-01-22&guests=1&adults=1,89,3,267,0.8018018018,25,41,66,0.1981981982,,TRUE,TRUE,TRUE,TRUE,,TRUE,,FALSE,,,TRUE,,,,,,,,,,,,,,TRUE,TRUE,TRUE,TRUE,TRUE,,,,,,,,,,,,,,,,,,,,,,,,,,,,,,,,,,,,,,,,,,,,,,,,,,,,,,,,,,,,,,,,,,
,44,405,210,0,195,0,0,0,0,0,862240654378549431,,,,Apartment in El Poblado,01/18/25 - 01/21/25,160,23,23,4.7,4.7 (27),26,https://www.airbnb.com/rooms/862240654378549431?check_in=2025-01-19&check_out=2025-01-22&guests=1&adults=1,53,3,158,0.9875,2,0,2,0.0125,1 bed,,TRUE,TRUE,TRUE,,TRUE,,FALSE,,,,,TRUE,,,,,TRUE,,TRUE,,,,,,,,,,,,,,,TRUE,,,,,,TRUE,,,,,,,,,,,,,,,,,,,,,,,,,,,,,,,,,,,,,,,,,,,,,,,,,,,,,,
,45,390,85,0,305,0,0,0,0,0,1236976789151819581,,,,Apartment in El Poblado,01/18/25 - 01/21/25,348,48,40,4.93,4.93 (14),4,https://www.airbnb.com/rooms/1236976789151819581?check_in=2025-01-19&check_out=2025-01-22&guests=1&adults=1,92,3,276,0.7931034483,23,49,72,0.2068965517,2 beds,TRUE,TRUE,TRUE,TRUE,TRUE,TRUE,,FALSE,FALSE,,TRUE,,,,,,,,,,,,,,,,,,,,,,,,,,,,TRUE,TRUE,,,,,,,,,,,,,,,,,,,,,,,,,,,,,,,,,,,,,,,,,,,,,,,,,,,,,,,
,46,385,70,0,315,0,0,0,0,0,971629784939908909,,,,Apartment in El Poblado,01/18/25 - 01/21/25,369,51,42,4.96,4.96 (77),2,https://www.airbnb.com/rooms/971629784939908909?check_in=2025-01-19&check_out=2025-01-22&guests=1&adults=1,96,3,360,0.9756097561,35,46,81,0.2195121951,,TRUE,TRUE,,TRUE,TRUE,,,FALSE,FALSE,,TRUE,TRUE,,,,TRUE,,TRUE,,,,,,,TRUE,,,,,TRUE,,,,,,,,,,,,,,,,,,,,,,,,,,,,,,,,,,,,,,,,,,,,,,,,,,,,,,,,,,,,,,,,,
,47,385,125,0,260,0,0,0,0,0,44465094,,,,Apartment in El Poblado,01/18/25 - 01/21/25,248,40,37,4.84,4.84 (341),13,https://www.airbnb.com/rooms/44465094?check_in=2025-01-19&check_out=2025-01-22&guests=1&adults=1,83,3,248,1,0,0,0,0,,TRUE,TRUE,TRUE,TRUE,TRUE,,,,,,TRUE,,,,,TRUE,,,,TRUE,,,TRUE,,,,,,,,,,,,,,,,,TRUE,,,,,,,,,,,,,,,,TRUE,TRUE,,,,,,,,,,,,,,,,,,,,,,,,,,,,,,,,,,,,,,
X,48,385,240,0,145,0,0,0,0,0,1321150648828464690,,,,Apartment in El Poblado,01/18/25 - 01/21/25,142,17,11,,New,36,https://www.airbnb.com/rooms/1321150648828464690?check_in=2025-01-19&check_out=2025-01-22&guests=1&adults=1,40,3,152,1.070422535,0,20,20,0.1408450704,2 beds,,TRUE,TRUE,,TRUE,TRUE,TRUE,FALSE,FALSE,TRUE,,,TRUE,,,,,TRUE,,TRUE,,,,,,,,,,,,,,,,,,,,,,,,,,,,,,,,,,,,,,,,,,,,,,,,,,,,,,,,,,,,,,,,,,,,,,,,,,,
,49,380,210,0,170,0,0,0,0,0,54258767,,,,Apartment in El Poblado,01/18/25 - 01/21/25,160,23,21,4.41,4.41 (74),31,https://www.airbnb.com/rooms/54258767?check_in=2025-01-19&check_out=2025-01-22&guests=1&adults=1,51,3,152,0.95,8,0,8,0.05,,,TRUE,TRUE,,,TRUE,,FALSE,,,,,TRUE,TRUE,TRUE,,,,,,,,,,,,,,,,,TRUE,,,,,,,,,,,,,,,,,,,,,,,,,,,,,,,TRUE,,,,,,,,,,,,,TRUE,,,,,,,,,,,,,,,,,,,
,50,370,185,0,185,0,0,0,0,0,1147480005589603298,,,,Loft in El Poblado,01/18/25 - 01/21/25,172,28,27,4.66,4.66 (47),28,https://www.airbnb.com/rooms/1147480005589603298?check_in=2025-01-19&check_out=2025-01-22&guests=1&adults=1,57,3,172,1,0,0,0,0,,,TRUE,TRUE,TRUE,TRUE,,,,,TRUE,,,,,,TRUE,,,,TRUE,,,,,,,,,,,,,,,TRUE,,,,,,TRUE,,,,,,,,,,,,,,,,,,,,,,,TRUE,,,,,,,,TRUE,,,,,,,,,,,,,,,,,,,,,,,
,51,365,75,0,290,0,0,0,0,0,1047828197680109801,,,,Apartment in Medellín,01/18/25 - 01/21/25,351,50,45,4.9,4.9 (30),7,https://www.airbnb.com/rooms/1047828197680109801?check_in=2025-01-19&check_out=2025-01-22&guests=1&adults=1,100,3,381,1.085470085,50,0,50,0.1424501425,1 king bed,TRUE,,,,,,,,,,,,,,,,,,,,,,,,,,,,,,,,,,,,,,,,,,,,,,,,,,,,,,,,,,,,,,,,,,,,,,,,,,,,,,,,,,,,,,,,,,,,,,
,52,365,100,0,265,0,0,0,0,0,1208822037989038569,,,,Apartment in El Poblado,01/18/25 - 01/21/25,318,45,38,4.85,4.85 (13),12,https://www.airbnb.com/rooms/1208822037989038569?check_in=2025-01-19&check_out=2025-01-22&guests=1&adults=1,88,3,264,0.8301886792,9,45,54,0.1698113208,,TRUE,TRUE,TRUE,TRUE,,TRUE,TRUE,FALSE,FALSE,,TRUE,,TRUE,,,TRUE,,,,,,,,,,TRUE,,,,,,,,,,,,,,,,,,,,,,,,,,,,,,,,,,,,,,,,,,,,,,,,,,,,,,,,,,,,,,,,,,,,,
,53,365,210,0,155,0,0,0,0,0,54258438,,,,Apartment in El Poblado,01/18/25 - 01/21/25,160,23,21,4.25,4.25 (44),34,https://www.airbnb.com/rooms/54258438?check_in=2025-01-19&check_out=2025-01-22&guests=1&adults=1,51,3,152,0.95,8,0,8,0.05,,,,,,,,,,,,,,,,,,,,,,,,,,,,,,,,,,,,,,,,,,,,,,,,,,,,,,,,,,,,,,,,,,,,,,,,,,,,,,,,,,,,,,,,,,,,,,,,
,54,360,195,0,165,0,0,0,0,0,53826082,,,,Apartment in El Poblado,01/18/25 - 01/21/25,170,26,24,4.38,4.38 (16),32,https://www.airbnb.com/rooms/53826082?check_in=2025-01-19&check_out=2025-01-22&guests=1&adults=1,54,3,163,0.9588235294,7,0,7,0.04117647059,,,TRUE,TRUE,TRUE,,TRUE,,,,,,,TRUE,TRUE,TRUE,,,,,,,,,,,,,,,,,TRUE,,,,,,,,,,,,,,,,,,,,,,,,,,,,,,,TRUE,,,,,,,,,,,,,,TRUE,,,,,,,,,,,,,,,,,,
,55,350,125,0,225,0,0,0,0,0,44395823,,,,Apartment in El Poblado,01/18/25 - 01/21/25,248,40,37,4.77,4.77 (367),20,https://www.airbnb.com/rooms/44395823?check_in=2025-01-19&check_out=2025-01-22&guests=1&adults=1,83,3,248,1,0,0,0,0,,,,,,,,,,,TRUE,,,,,,,,,,,,,,,,,,,,,,,,,,,,,,,,,,,,,,,,,,,,,,,,,,,,,,,,,,,,,,,,,,,,,,,,,,,,,,,,,,,,,
X,56,350,190,0,160,0,0,0,0,0,53825877,,,,Apartment in El Poblado,01/18/25 - 01/21/25,171,27,25,4.33,4.33 (9),33,https://www.airbnb.com/rooms/53825877?check_in=2025-01-19&check_out=2025-01-22&guests=1&adults=1,55,3,164,0.9590643275,7,0,7,0.04093567251,,,TRUE,TRUE,TRUE,,TRUE,,FALSE,,,,,TRUE,TRUE,TRUE,,,,,,,,,,,,,,,,,TRUE,,,,,,,,,,,,,,,,,,,,,,,,,,,,,,,TRUE,,,,,,,,,,,,,,,,,,,,,,,,,,,,,,,,
,57,345,65,0,280,0,0,0,0,0,846307105899108594,,,,Condo in Medellín,01/18/25 - 01/21/25,373,52,44,4.88,4.88 (93),9,https://www.airbnb.com/rooms/846307105899108594?check_in=2025-01-19&check_out=2025-01-22&guests=1&adults=1,99,3,297,0.7962466488,30,46,76,0.2037533512,,TRUE,TRUE,TRUE,TRUE,TRUE,,,,,,TRUE,TRUE,,,,TRUE,,TRUE,,TRUE,,,,,,,TRUE,,,,,,,,,,,,,,,,,,TRUE,,,,,,,,,,,,,,,,,,,,,,,,,,,,,,,,,,,,,,,,,,,,,,,,,,
,58,345,110,0,235,0,0,0,0,0,53170022,,,,Apartment in Laureles-Estadio,01/18/25 - 01/21/25,275,43,35,4.79,4.79 (132),18,https://www.airbnb.com/rooms/53170022?check_in=2025-01-19&check_out=2025-01-22&guests=1&adults=1,74,3,221,0.8036363636,20,34,54,0.1963636364,1 queen bed,,TRUE,TRUE,TRUE,,TRUE,,,,TRUE,,,TRUE,,,TRUE,,,TRUE,,,,,,,,,,,,,,,,,,,,,TRUE,,,,,,,,,,,,,,,,,,,,TRUE,TRUE,,,,,,,,,,,,,,,,,,,,,,,,,,,,,,,,,,
,59,345,140,0,205,0,0,0,0,0,44156630,,,,Apartment in Medellín,01/18/25 - 01/21/25,214,37,34,4.72,4.72 (403),24,https://www.airbnb.com/rooms/44156630?check_in=2025-01-19&check_out=2025-01-22&guests=1&adults=1,71,3,214,1,0,0,0,0,,,TRUE,TRUE,TRUE,TRUE,,,,,TRUE,,TRUE,,,,TRUE,,,,TRUE,,,TRUE,,,,,,,,,,,,,,,,,,,,,,,,,,TRUE,TRUE,,,,,,,,,,,,,,,,,,,,,,,,,,,,,,,,,,,,,,,,,,,,,
X,60,340,95,0,245,0,0,0,0,0,1046535184028359655,Yes,,,Apartment in El Poblado,01/18/25 - 01/21/25,320,46,43,4.81,4.81 (36),16,https://www.airbnb.com/rooms/1046535184028359655?check_in=2025-01-19&check_out=2025-01-22&guests=1&adults=1,97,3,363,1.134375,30,0,30,0.09375,2 queen beds,,TRUE,,TRUE,,,,,,TRUE,,,,,,TRUE,,TRUE,,,,,,,,,TRUE,,,,,,,,TRUE,,TRUE,,,,TRUE,,,,,,,,,,,,,,,,,TRUE,TRUE,,,,,,,,,,,,,,,,,,,,,,,,,,,,,,,,,,,,
X,61,340,135,0,205,0,0,0,0,0,983634933032164657,Yes,,,Apartment in El Poblado,01/18/25 - 01/21/25,230,38,33,4.72,4.72 (36),24,https://www.airbnb.com/rooms/983634933032164657?check_in=2025-01-19&check_out=2025-01-22&guests=1&adults=1,70,3,210,0.9130434783,20,0,20,0.08695652174,2 beds,,TRUE,TRUE,TRUE,TRUE,TRUE,TRUE,,,,,,,TRUE,,,,TRUE,,,,,,,,,,,,,,,,,,,,,,,,,,TRUE,,,,,,,,,,,,,,,,,,TRUE,,,,,,,,,,,,,,,,,,,,,,,,,,,,,,,,,
X,62,325,105,0,220,0,0,0,0,0,21993512,,,,Hotel room in El Poblado,01/18/25 - 01/21/25,291,44,41,4.76,4.76 (112),21,https://www.airbnb.com/rooms/21993512?check_in=2025-01-19&check_out=2025-01-22&guests=1&adults=1,94,3,297,1.020618557,9,0,9,0.03092783505,1 bed,,TRUE,TRUE,TRUE,,,,,,TRUE,,,,TRUE,TRUE,,,,,TRUE,,,,,,,,,,,,TRUE,,,,,TRUE,,,,,,,,,,,,,,,,,,,,,,,,,,,,,,,,TRUE,TRUE,,,,,,,,,,,,,,,,,,,,,,,,,
,63,320,105,0,215,0,0,0,0,0,13658223,Yes,,,Apartment in El Poblado,01/18/25 - 01/21/25,291,44,36,4.75,4.75 (251),22,https://www.airbnb.com/rooms/13658223?check_in=2025-01-19&check_out=2025-01-22&guests=1&adults=1,75,3,225,0.7731958763,30,36,66,0.2268041237,,,,,,,,,,,TRUE,,,,,,,,,,,,,,,,,,,,,,,,,,,,,,,,,,,,,,,,,,,,,,,,,,,,,,,,,,,,,,,,,,,,,,,,,,,,,,,,,,,,,
X,64,275,80,0,195,0,0,0,0,0,51001681,Yes,,,Loft in El Poblado,01/18/25 - 01/21/25,349,49,45,4.7,4.7 (89),26,https://www.airbnb.com/rooms/51001681?check_in=2025-01-19&check_out=2025-01-22&guests=1&adults=1,100,3,300,0.8595988539,49,0,49,0.1404011461,1 king bed,,,,,,,,,,TRUE,,,,,,,,,,,,,,,,,,,,,,,,,,,,,,,,,,,,,,,,,,,,,,,,,,,,,,,,,,,,,,,,,,,,,,,,,,,,,,,,,,,,,