,rank,totalRankScore,totalPriceRankScore,nightlyRateScore,reviewRankScore,rareFindScore,acScore,wifiScore,guestFavoriteScore,superhostScore,TabOrder,id,LikeIt,MessageSent,Responded,title,dates,totalPrice,totalPriceRank,nightlyRateRank,reviewScore,reviewScoreString,reviewScoreRank,url,nightlyRateDisplay,nights,nightlyTotalDisplay,nightlyTotalDisplayPercent,cleaningFee,airbnbFee,feeTotal,feePercent,beds,guest_favorite,Kitchen,Wifi,Free street parking,Pets allowed,40 inch HDTV,Washer,SAMSUNG refrigerator,Microwave,Carbon monoxide alarm,Smoke alarm,Guest favorite,Refrigerator,Dedicated workspace,TV,Private patio or balcony,Exterior security cameras on property,Free parking on premises,TV with Roku,Private backyard,Luggage dropoff allowed,Superhost,City skyline view,Wifi – 23 Mbps,32 inch TV with standard cable,Free washer – In unit,Hair dryer,Long term stays allowed,Backyard,Mountain view,Valley view,Outdoor pool - available all year,open specific hours,Patio or balcony,Smoking allowed,Paid parking on premises,Free parking garage on premises – 1 space,Air conditioning,Free residential garage on premises – 1 space,Pool,Shared hot tub - available all year,open specific hours,Shared sauna,Elevator,TV with standard cable,EV charger,Garden view,Shared pool,Samsung refrigerator,River view,Shared patio or balcony,Haceb refrigerator,Shared outdoor pool - available all year,open specific hours,Mabe refrigerator,Hot tub,Shared hot tub,Courtyard view,Free washer – In building,Free dryer – In building,Private backyard – Fully fenced,Fast wifi – 363 Mbps,43 inch HDTV with Netflix,standard cable,Free carport on premises,HDTV with standard cable,Netflix,Free dryer – In unit,Lake view,Private hot tub,TV with Fire TV,Washer – In unit,High chair,43 inch HDTV,Dryer,AC - split type ductless system,Ae refrigerator,HDTV with Netflix,Free carport on premises – 3 spaces,Private hot tub - open 24 hours,Bathtub,Fast wifi – 175 Mbps,32 inch HDTV with standard cable,50 inch HDTV with standard cable,Free parking garage on premises,Shared outdoor pool - available all year,open specific hours,rooftop,HDTV with Netflix,Disney+,40 inch HDTV with Netflix,standard cable,40 inch HDTV with HBO Max,Netflix,HDTV with Netflix,Amazon Prime Video,standard cable,Paid washer,Shared pool - available all year,Free driveway parking on premises – 1 space,Shared outdoor pool - available all year,open specific hours,heated,TV with Netflix,Free washer,Central air conditioning,43 inch HDTV with standard cable,Fast wifi – 306 Mbps,Free carport on premises – 1 space,Shared indoor pool - available all year,open specific hours,rooftop,32 inch HDTV with Roku,Private pool - available all year,open specific hours,65 inch HDTV with Netflix,50 inch HDTV,Private indoor pool - available all year,open specific hours,heated,lap pool,Canal view,Free driveway parking on premises,90 inch HDTV with Netflix,standard cable,Private hot tub - available all year,open 24 hours,HDTV with standard cable,Waterfront,Free residential garage on premises,Shared outdoor pool - open specific hours,infinity,lap pool,pool toys,HDTV with Netflix,standard cable
X,1,995,490,0,505,0,0,0,0,0,,1161748445734392798,,,,Apartment in Bello,01/18/25 - 01/21/25,50,4,2,5,5.0 (21),1,https://www.airbnb.com/rooms/1161748445734392798?check_in=2025-01-19&check_out=2025-01-22&guests=1&adults=1,14,3,43,0.86,0,7,7,0.14,1 bed,TRUE,TRUE,TRUE,TRUE,TRUE,TRUE,TRUE,TRUE,TRUE,FALSE,FALSE,TRUE,,,,,,,,,,,,,,,,,,,,,,,,,,,,,,,,,,,,,,,,,,,,,,,,,,,,,,,,,,,,,,,,,,,,,,,,,,,,,,,,,,,,,,,,,,,,,,,,,,,,,,,,,,,,,,,,,,,,,,,,,,,,
,2,985,495,0,490,0,0,0,0,0,,1211747043688117015,,,,Apartment in Medellín,01/18/25 - 01/21/25,48,3,2,4.96,4.96 (23),4,https://www.airbnb.com/rooms/1211747043688117015?check_in=2025-01-19&check_out=2025-01-22&guests=1&adults=1,14,3,41,0.8541666667,0,7,7,0.1458333333,1 bed,TRUE,TRUE,TRUE,,,,TRUE,,,FALSE,,TRUE,,TRUE,TRUE,,TRUE,,,,,,,,,,,TRUE,,,,,,,,,,,,,,,,,,,,,TRUE,TRUE,,,,,,,,,,,,,,,,,,,,,,,,,,,,,,,,,,,,,,,,,,,,,,,,,,,,,,,,,,,,,,,,,,,,,,,,,,,,,,,,,,,,,,
,3,980,475,0,505,0,0,0,0,0,,1137941849504290394,,,,Apartment in Bello,01/18/25 - 01/21/25,64,7,4,5,5.0 (6),1,https://www.airbnb.com/rooms/1137941849504290394?check_in=2025-01-19&check_out=2025-01-22&guests=1&adults=1,18,3,55,0.859375,0,9,9,0.140625,2 single beds,TRUE,TRUE,TRUE,,TRUE,,TRUE,,,FALSE,FALSE,TRUE,TRUE,,,,,,,,,,,,,,,,,,,,,,,,,,,,,,,,,,,,,,,,,,,,,,,,,,,,,,,,,,,,,,,,,,,,,,,,,,,,,,,,,,,,,,,,,,,,,,,,,,,,,,,,,,,,,,,,,,,,,,,,,,,
,4,965,500,0,465,0,0,0,0,0,,668176614745355885,,,,Loft in Medellín,01/18/25 - 01/21/25,45,2,1,4.91,4.91 (105),9,https://www.airbnb.com/rooms/668176614745355885?check_in=2025-01-19&check_out=2025-01-22&guests=1&adults=1,13,3,39,0.8666666667,0,6,6,0.1333333333,1 bed,TRUE,TRUE,,,,,,,,FALSE,FALSE,TRUE,,TRUE,,,,,,,TRUE,,TRUE,,,TRUE,,,,,,,,,,,,,,,,,,,,,,,,,,,,,,,,,,,,,TRUE,,,,,,,,,,,,,,TRUE,TRUE,,,,,,,,,,,,,,,,,,,,,,,,,,,,,,,,,,,,,,,,,,,,,,,,,,,,,,,,,,
,5,945,505,0,440,0,0,0,0,0,,785472978188048653,,,,Apartment in Medellín,01/18/25 - 01/21/25,44,1,1,4.85,4.85 (66),14,https://www.airbnb.com/rooms/785472978188048653?check_in=2025-01-19&check_out=2025-01-22&guests=1&adults=1,13,3,38,0.8636363636,0,6,6,0.1363636364,1 bed,,TRUE,TRUE,TRUE,,,,,,FALSE,FALSE,,,TRUE,,TRUE,TRUE,,,,,TRUE,,,,TRUE,,,,,,,,,,,,,,,,,,,,,,,,,,,,,,,,,,,,,,,,,,,,,,,,,,,,,,,,,,TRUE,,,,,,,,,,,,,,,,,,,,,,,,,,,,,,,,,,,,,,,,,,,,,,,,,,,,
,6,940,435,0,505,0,0,0,0,0,,1026689513021343791,,,,Apartment in Bello,01/18/25 - 01/21/25,81,15,10,5,5.0 (9),1,https://www.airbnb.com/rooms/1026689513021343791?check_in=2025-01-19&check_out=2025-01-22&guests=1&adults=1,25,3,76,0.9382716049,5,0,5,0.06172839506,,TRUE,TRUE,TRUE,,,,TRUE,,,FALSE,FALSE,TRUE,TRUE,TRUE,TRUE,TRUE,TRUE,,,,,,,,,,,,,,,,,,,,,,,,,,,,,,,,,,,,,,,,,,,,,,,,,,,,,,,,,,,,,,,,,,,,,,,,,,,,,,,,,,,,,,,,,,,,,,,,,,,,,,,,,,,,,,,,,,,,,,,
,7,940,465,0,475,0,0,0,0,0,,508618914062587342,,,,Apartment in Medellín,01/18/25 - 01/21/25,68,9,5,4.93,4.93 (43),7,https://www.airbnb.com/rooms/508618914062587342?check_in=2025-01-19&check_out=2025-01-22&guests=1&adults=1,19,3,56,0.8235294118,2,10,12,0.1764705882,2 beds,TRUE,TRUE,TRUE,,TRUE,,,,TRUE,FALSE,,TRUE,,TRUE,TRUE,,TRUE,,,,TRUE,,,,,,,,,,,,,TRUE,,,,,,,,,,,,,,,,,,,,,,,,,,,,,,,,,,,,,,,,,,,,,,,,,,,,,,,,,,,,,,,,,,,,,,,,,,,,,,,,,,,,,,,,,,,,,,,,,,,,,,
,8,935,460,0,475,0,0,0,0,0,,902967545483115784,,,,Tiny home in Copacabana,01/18/25 - 01/21/25,69,10,6,4.93,4.93 (15),7,https://www.airbnb.com/rooms/902967545483115784?check_in=2025-01-19&check_out=2025-01-22&guests=1&adults=1,20,3,59,0.8550724638,0,10,10,0.1449275362,,TRUE,TRUE,TRUE,,,,,,,FALSE,FALSE,TRUE,TRUE,TRUE,TRUE,,,,,,,,,,,,,,,,,,,,,,,,,,,,,,,,,,,,,,,,,,,,,,,,,,,,TRUE,TRUE,,,,,,,,,,,,,,,,,,,,,,,,,,,,,,,,,,,,,,,,,,,,,,,,,,,,,,,,,,,,,,,,,,,,
,9,920,440,0,480,0,0,0,0,0,,767311191949937806,,,,Loft in Bello,01/18/25 - 01/21/25,80,14,8,4.94,4.94 (17),6,https://www.airbnb.com/rooms/767311191949937806?check_in=2025-01-19&check_out=2025-01-22&guests=1&adults=1,23,3,69,0.8625,0,11,11,0.1375,,TRUE,TRUE,TRUE,,,,,,,FALSE,FALSE,TRUE,,TRUE,TRUE,TRUE,TRUE,TRUE,,,,,,,,,,,,,,,,,,,,,,,,,,,,,,,,,,,,,,,,TRUE,,,,,,,,,,,,,,,,,,,,,,,,,,,,,,,,,,,,,,,,,,,,,,,,,,,,,,,,,,,,,,,,,,,,,,,,,,,,,,
,10,920,485,0,435,0,0,0,0,0,,576091346383613048,,,,Condo in Bello,01/18/25 - 01/21/25,55,5,3,4.84,4.84 (44),15,https://www.airbnb.com/rooms/576091346383613048?check_in=2025-01-19&check_out=2025-01-22&guests=1&adults=1,16,3,48,0.8727272727,0,7,7,0.1272727273,,TRUE,TRUE,TRUE,,,,,,,FALSE,FALSE,TRUE,TRUE,,TRUE,TRUE,,,,,,,,,,TRUE,,,,,,,,,,,,,,,,,,,TRUE,,,,,,,,,,,,,,,,,,,,,,,TRUE,,,,,,,,,,,,,,,,,,,,,,,,,,,,,,,,,,,,,,,,,,,,,,,,,,,,,,,,,,,,,,,,,,,,
,11,915,480,0,435,0,0,0,0,0,,24173124,,,,Apartment in Bello,01/18/25 - 01/21/25,56,6,3,4.84,4.84 (69),15,https://www.airbnb.com/rooms/24173124?check_in=2025-01-19&check_out=2025-01-22&guests=1&adults=1,16,3,48,0.8571428571,0,8,8,0.1428571429,,,TRUE,TRUE,,TRUE,,,,,,,,,TRUE,,TRUE,,TRUE,,,,TRUE,,,,,,,,,,,,,,,,,,,,,,,,,,,,,,,,,TRUE,,,TRUE,,,,,,,,,,,,,,,,,,,,,,,,,,,TRUE,TRUE,,,,,,,,,,,,,,,,,,,,,,,,,,,,,,,,,,,,,,,,,,,,,,,,,,
,12,910,405,0,505,0,0,0,0,0,,1266730164420145853,,,,Apartment in Bello,01/18/25 - 01/21/25,90,21,4,5,5.0 (3),1,https://www.airbnb.com/rooms/1266730164420145853?check_in=2025-01-19&check_out=2025-01-22&guests=1&adults=1,18,3,60,0.6666666667,25,11,36,0.4,,,TRUE,TRUE,,TRUE,,TRUE,,,FALSE,FALSE,,,,,,,TRUE,TRUE,TRUE,TRUE,TRUE,,,,,,,,,,,,,,,,,,,,,,,,,,,,,,,,,,,,,,,,,,,,,,,,,,,,,,,,,,,,,,,,,,,,,,,,,,,,,,,,,,,,,,,,,,,,,,,,,,,,,,,,,,,,,,,,,,
,13,910,405,0,505,0,0,0,0,0,,1283588642877907832,,,,Home in Salento,01/18/25 - 01/21/25,90,21,11,5,5.0 (13),1,https://www.airbnb.com/rooms/1283588642877907832?check_in=2025-01-19&check_out=2025-01-22&guests=1&adults=1,26,3,77,0.8555555556,0,13,13,0.1444444444,,TRUE,TRUE,,TRUE,TRUE,,,,,FALSE,FALSE,TRUE,,TRUE,,,,,,,,,TRUE,TRUE,TRUE,TRUE,,,,,,,,,,,,,,,,,,,,,,,,,,,,,,,,,,,,,,,,,,,,,,,,,,,,,,,,,,,,,,,,,,,,,,,,,,,,,,,,,,,,,,,,,,,,,,,,,,,,,,,,,,,,,,
,14,905,440,0,465,0,0,0,0,0,,852424631799360334,,,,Apartment in Copacabana,01/18/25 - 01/21/25,80,14,4,4.91,4.91 (11),9,https://www.airbnb.com/rooms/852424631799360334?check_in=2025-01-19&check_out=2025-01-22&guests=1&adults=1,18,3,53,0.6625,16,11,27,0.3375,3 beds,TRUE,TRUE,TRUE,,TRUE,,TRUE,,,FALSE,,TRUE,,,TRUE,,,TRUE,,,,,TRUE,,,,,,,,,,TRUE,,,,,,TRUE,,,,,,,,,,,,,,,,,,,,,,,,,,,,,,,,,,,,,,,,,,,,,,,,,,,,,,,,,,,,,,,,,,,,,,,,,,,,,,,,,,,,,,,,,,,,,,,,,
,15,905,505,0,400,0,0,0,0,0,,1274900031625369251,,,,Apartment in Bello,01/18/25 - 01/21/25,44,1,1,4.75,4.75 (4),22,https://www.airbnb.com/rooms/1274900031625369251?check_in=2025-01-19&check_out=2025-01-22&guests=1&adults=1,13,3,38,0.8636363636,0,6,6,0.1363636364,,,TRUE,TRUE,,,,,,,FALSE,FALSE,,,,TRUE,,,TRUE,,,,,,,,,,,,,,,,,,,,,,,,,,,,,,,,,,,,,,,,,,,,,,,,,,,,,,,,,,,,,,,,,,,,,,,,,,,,,,,,,,,,,,,,,,,,,,,,,,,,,,,,,,,,,,,,,,,,,,
,16,890,470,0,420,0,0,0,0,0,,894914802672874329,,,,Apartment in Bello,01/18/25 - 01/21/25,65,8,5,4.8,4.8 (5),18,https://www.airbnb.com/rooms/894914802672874329?check_in=2025-01-19&check_out=2025-01-22&guests=1&adults=1,19,3,57,0.8769230769,0,8,8,0.1230769231,,,TRUE,TRUE,,TRUE,,,,,,,,,,,,,,,,,,,,,,,,,,,,,,,,,,,,,,,,,,,,,,,,,,,,,,,,,,,,,,,,,,,,,,,,,,,,,,,,,,,,,TRUE,TRUE,,,,,,,,,,,,,,,,,,,,,,,,,,,,,,,,,,,,,,,,,,,,,
,17,885,405,0,480,0,0,0,0,0,,793407494927444611,,,,Apartment in Bello,01/18/25 - 01/21/25,90,21,8,4.94,4.94 (17),6,https://www.airbnb.com/rooms/793407494927444611?check_in=2025-01-19&check_out=2025-01-22&guests=1&adults=1,23,3,68,0.7555555556,9,13,22,0.2444444444,3 beds,,TRUE,TRUE,,TRUE,,TRUE,,,FALSE,FALSE,,TRUE,TRUE,TRUE,,,,,,,TRUE,,,,,,,,,,,,TRUE,,,,,,,,,,,,,,,,,,,,,,,,,,,,,,,,,,,,,,,,,,,,,,,,,,,,,,,,,,,,,,,,,,,,,,,,,,,,,,,,,,,,,,,,,,,,,,,,,,,,,,
,18,880,475,0,405,0,0,0,0,0,,51965776,,,,Apartment in Bello,01/18/25 - 01/21/25,64,7,4,4.77,4.77 (43),21,https://www.airbnb.com/rooms/51965776?check_in=2025-01-19&check_out=2025-01-22&guests=1&adults=1,18,3,55,0.859375,0,9,9,0.140625,,,TRUE,TRUE,,TRUE,,TRUE,,,,,,,TRUE,,TRUE,,TRUE,,,,TRUE,TRUE,,,,,,TRUE,,,,,,,,,,,,,,,,,,,,,,,,,,,,,,,,,,,,,,,,,,,,TRUE,,,,,,,,,,,,,,,,,,,,,,,,,,,,,,,,,,,,,,,,,,,,,,,,,,,,,,,,,,,,,,,
,19,875,410,0,465,0,0,0,0,0,,988745448461126049,,,,Apartment in Medellín,01/18/25 - 01/21/25,87,20,9,4.91,4.91 (43),9,https://www.airbnb.com/rooms/988745448461126049?check_in=2025-01-19&check_out=2025-01-22&guests=1&adults=1,24,3,71,0.816091954,16,0,16,0.183908046,4 beds,TRUE,TRUE,TRUE,,TRUE,,TRUE,,,FALSE,FALSE,TRUE,,TRUE,TRUE,,,TRUE,,,,,,,,,,,,,,,,,,,,,,,,,,,,,,,TRUE,,,,,,,,,,,,,,,,,,,,,,,,,,,,,,,,,,,,,,,,,,,,,,,,,,,,,,,,,,,,,,,,,,,,,,,,,,,,,,,,,,,,,,,
,20,865,360,0,505,0,0,0,0,0,,1130622858689557155,,,,Apartment in Bello,01/18/25 - 01/21/25,106,30,13,5,5.0 (19),1,https://www.airbnb.com/rooms/1130622858689557155?check_in=2025-01-19&check_out=2025-01-22&guests=1&adults=1,28,3,83,0.7830188679,8,15,23,0.2169811321,,TRUE,TRUE,TRUE,,TRUE,,TRUE,,TRUE,FALSE,FALSE,TRUE,,,TRUE,,,,,,,,,,,,TRUE,TRUE,,,,,,,,,,,,,,,,,,,,,,,,,,,,,,,,,,,,,,,,,,,,,,,,,,,,,,,,,,,,,,,,,,,,,,,,,,,,,,,,,,,,,,,,,,,,,,,,,,,,,,,,,,,,
,21,865,385,0,480,0,0,0,0,0,,1177100270781309639,,,,Apartment in Bello,01/18/25 - 01/21/25,97,25,13,4.94,4.94 (18),6,https://www.airbnb.com/rooms/1177100270781309639?check_in=2025-01-19&check_out=2025-01-22&guests=1&adults=1,28,3,83,0.8556701031,0,14,14,0.1443298969,2 double beds,TRUE,TRUE,,,TRUE,,,,,FALSE,FALSE,TRUE,,,TRUE,,TRUE,TRUE,,,,,,,,,,,,,,,,,,,,,TRUE,,,TRUE,,,,,,,,,,,,,,,,,TRUE,,,,,,,,,,,,,,,,,,,,,,,,,,,,,,,,,,,,,,,,,,,,,,,,,,,,,,,,,,,,,,,,,,,,,,,,,,,,,
,22,865,385,0,480,0,0,0,0,0,,840696596804961095,,,,Cabin in San Felix,01/18/25 - 01/21/25,97,25,10,4.94,4.94 (50),6,https://www.airbnb.com/rooms/840696596804961095?check_in=2025-01-19&check_out=2025-01-22&guests=1&adults=1,25,3,76,0.7835051546,7,14,21,0.2164948454,,TRUE,TRUE,TRUE,,TRUE,,,,,FALSE,FALSE,TRUE,,TRUE,,TRUE,TRUE,TRUE,,,,,,,,,,,,,,,,,,,,,,,,,,,,,,,,,,,,,,,,,,TRUE,,,,,,,,,,,,,,,,,,,,,,,,,,,,,,,,,,,,,,,,,,,,,,,,,,,,,,,,,,,,,,,,,,,,,,,,,,,,
,23,865,430,0,435,0,0,0,0,0,,807526984659256248,,,,Apartment in Medellín,01/18/25 - 01/21/25,82,16,8,4.84,4.84 (62),15,https://www.airbnb.com/rooms/807526984659256248?check_in=2025-01-19&check_out=2025-01-22&guests=1&adults=1,23,3,69,0.8414634146,13,0,13,0.1585365854,,,TRUE,TRUE,TRUE,TRUE,,,,,FALSE,FALSE,,,TRUE,TRUE,,,,,,,TRUE,TRUE,,,,,,,,,,,,,,,,,TRUE,,,,,,,,,,,,,,,,,,,,,,,,,,,,,,,,,,,,,,,,,,,,,,,,,,,,,,,,,,,,,,,,,,,,,,,,,,,,,,,,,,,,,,,,,,,,,,,,
,24,860,355,0,505,0,0,0,0,0,,1080734644084993575,,,,Apartment in Medellín,01/18/25 - 01/21/25,108,31,16,5,5.0 (20),1,https://www.airbnb.com/rooms/1080734644084993575?check_in=2025-01-19&check_out=2025-01-22&guests=1&adults=1,31,3,93,0.8611111111,0,15,15,0.1388888889,,TRUE,TRUE,TRUE,,TRUE,,TRUE,,,FALSE,FALSE,TRUE,,TRUE,TRUE,,,TRUE,,,,,,,,,,,TRUE,,,,,,,,,,,,,,,,,,,,,,,,,,,,,,,,,,,,,,,,,,,,,,,,,,,,,,,,,,,,,,,,,,,,,,,,,,,,,,,,,,,,,,,,,,,,,,,,,,,,,,,,,,,
,25,860,390,0,470,0,0,0,0,0,,1164611158936064154,,,,Apartment in Bello,01/18/25 - 01/21/25,94,24,7,4.92,4.92 (12),8,https://www.airbnb.com/rooms/1164611158936064154?check_in=2025-01-19&check_out=2025-01-22&guests=1&adults=1,21,3,63,0.670212766,18,13,31,0.329787234,3 double beds,TRUE,TRUE,TRUE,,,,TRUE,,,FALSE,FALSE,TRUE,TRUE,,TRUE,,TRUE,TRUE,,,,,,,,,,,,,,,,,,,,,TRUE,,,,,,,,,,,,,,,,,,,,,,,,,,,,,,,,,,,,,,,,,,,,,,,,,,,,,,,,,,,,,,,,,,,,,,,,,,,,,,,,,,,,,,,,,,,,,,,,,
,26,855,360,0,495,0,0,0,0,0,,1010318760880569056,,,,Apartment in Bello,01/18/25 - 01/21/25,106,30,15,4.97,4.97 (35),3,https://www.airbnb.com/rooms/1010318760880569056?check_in=2025-01-19&check_out=2025-01-22&guests=1&adults=1,30,3,91,0.858490566,0,15,15,0.141509434,,TRUE,TRUE,TRUE,,,,TRUE,,,FALSE,FALSE,TRUE,,TRUE,TRUE,TRUE,,TRUE,,,,,,,,,,,TRUE,,,,,,,,,,,,,,,,,,,,,,,,,,,,,,,,,,,,,,,,,,,,,,,,,,,,,,,,,,,,,,,,,,,,,,,,,,,,,,,,,,,,,,,,,,,,,,,,,,,,,,,,,,,
,27,855,425,0,430,0,0,0,0,0,,803822037003000025,,,,Apartment in Bello,01/18/25 - 01/21/25,83,17,6,4.83,4.83 (6),16,https://www.airbnb.com/rooms/803822037003000025?check_in=2025-01-19&check_out=2025-01-22&guests=1&adults=1,20,3,60,0.7228915663,11,12,23,0.2771084337,3 beds,,TRUE,TRUE,,,,,,,FALSE,,,,TRUE,TRUE,,,TRUE,,,,,TRUE,,,,,,,,,,,,,,,,,,TRUE,,,,,,,TRUE,,,,,,,,,,,,,,,,,,,,,,,,,,,,,,,,,,,,,,,TRUE,,,,,,,,,,,,,,,,,,,,,,,,,,,,,,,,,,,,,,,,,,,,,,,,,
,28,850,345,0,505,0,0,0,0,0,,53258523,,,,Condo in Bello,01/18/25 - 01/21/25,113,33,17,5,5.0 (18),1,https://www.airbnb.com/rooms/53258523?check_in=2025-01-19&check_out=2025-01-22&guests=1&adults=1,32,3,97,0.8584070796,0,16,16,0.1415929204,,TRUE,TRUE,TRUE,,,,TRUE,,,FALSE,FALSE,TRUE,,,TRUE,,,,,,,,,,,,,,,TRUE,TRUE,TRUE,TRUE,,,,,,,,,,,,,,,,,,,,,,,,,,,,,,,,,,,,,,,,,,,,,,,,,,,,,,,,,,,,,,,,,,,,,,,,,,,,,,,,,,,,,,,,,,,,,,,,,,,,,,,
,29,850,380,0,470,0,0,0,0,0,,889901144091664753,,,,Cabin in Guarne Antioquia,01/18/25 - 01/21/25,99,26,12,4.92,4.92 (25),8,https://www.airbnb.com/rooms/889901144091664753?check_in=2025-01-19&check_out=2025-01-22&guests=1&adults=1,27,3,80,0.8080808081,5,14,19,0.1919191919,3 beds,TRUE,TRUE,TRUE,,TRUE,,,,,FALSE,FALSE,TRUE,,TRUE,,,TRUE,,,,,,,,,,,,,TRUE,,,,,,,,,,,,,,,,,,,,,,,,,,,,,,,,,,,,,,,,,,,,TRUE,TRUE,,,,,,,,,,,,,,,,,,,,,,,,,,,,,,,,,,,,,,,,,,,,,,,,,,,,,,,,,,,,,
,30,845,385,0,460,0,0,0,0,0,,864218313933825969,,,,Apartment in Copacabana,01/18/25 - 01/21/25,97,25,8,4.9,4.9 (49),10,https://www.airbnb.com/rooms/864218313933825969?check_in=2025-01-19&check_out=2025-01-22&guests=1&adults=1,23,3,70,0.7216494845,15,12,27,0.2783505155,2 beds,TRUE,TRUE,TRUE,,,,TRUE,,,FALSE,FALSE,TRUE,TRUE,TRUE,TRUE,,,,,,,,,,,,TRUE,,,,,,,,,,,,,,,,,,,,,,,,,,,,,,,,,,,,,,,,,,,,TRUE,,,,,,,,,,,,,,,,,,,,,,,,,,,,,,,,,,,,,,,,,,,,,,,,,,,,,,,,,,,,,,,,,
,31,835,375,0,460,0,0,0,0,0,,941582032953801944,,,,Apartment in Bello,01/18/25 - 01/21/25,100,27,10,4.9,4.9 (39),10,https://www.airbnb.com/rooms/941582032953801944?check_in=2025-01-19&check_out=2025-01-22&guests=1&adults=1,25,3,74,0.74,12,14,26,0.26,2 beds,TRUE,TRUE,TRUE,,TRUE,,TRUE,,,FALSE,FALSE,TRUE,TRUE,TRUE,TRUE,,,,,,,,,,,,,,TRUE,,,,,,,,,,,,,,,,,,,,,,,,,,,,,,,,,,,,,,,,,,,,,,,,,,,,,,,,,,,,,,,,,,,,,,,,,,,,,,,,,,,,,,,,,,,,,,,,,,,,,,,,,,,
,32,830,455,0,375,0,0,0,0,0,,1274883163574467561,,,,Apartment in Bello,01/18/25 - 01/21/25,70,11,4,4.67,4.67 (3),27,https://www.airbnb.com/rooms/1274883163574467561?check_in=2025-01-19&check_out=2025-01-22&guests=1&adults=1,18,3,55,0.7857142857,5,10,15,0.2142857143,,,TRUE,TRUE,,,,,,,FALSE,FALSE,,,,TRUE,,TRUE,TRUE,,,,,,,,,,,,,,,,,,,,,,,,,,,,,,,,,,,,,,,,,,,,,,,,,,,,,,,,,,,,,,,,,,,,,,,,,,,,,,,,,,,,,,,,,,,,,,,,,,,,,,,,,,,,,,,,,,,,,,
,33,825,370,0,455,0,0,0,0,0,,965903156904252491,,,,Apartment in Bello,01/18/25 - 01/21/25,101,28,8,4.89,4.89 (19),11,https://www.airbnb.com/rooms/965903156904252491?check_in=2025-01-19&check_out=2025-01-22&guests=1&adults=1,23,3,69,0.6831683168,18,14,32,0.3168316832,,TRUE,TRUE,TRUE,,,,TRUE,,TRUE,FALSE,,TRUE,TRUE,TRUE,TRUE,,,,,,,,,,,,,,,,,,,,,,,,,,,,,,,,,,,,,,,,,,,,,,,,,,,,,,,,,,,,,,,,,,,,,,,,,,,,,,,,,,,,,,,,,,,,,,,,,,,,,,,,,,,,,,,,,,,,,,,,,
,34,825,450,0,375,0,0,0,0,0,,1237073777085327174,,,,Apartment in Bello,01/18/25 - 01/21/25,72,12,7,4.67,4.67 (9),27,https://www.airbnb.com/rooms/1237073777085327174?check_in=2025-01-19&check_out=2025-01-22&guests=1&adults=1,21,3,62,0.8611111111,0,10,10,0.1388888889,2 beds,,TRUE,TRUE,TRUE,TRUE,,TRUE,,,FALSE,FALSE,,,TRUE,TRUE,,,,,,,,,,,,TRUE,,,,,,,,,,,,,,,,,,,,,,,,,,,,,,,,,,,,,,,,,,,,,,,,,,,,,,,,,,,,,,,,,,,,,,,,,,,,,,,,,,,,,,,,,,,,,,,,,,,,,,,,,,,,,
,35,820,315,0,505,0,0,0,0,0,,1203710008668425678,,,,Apartment in Bello,01/18/25 - 01/21/25,120,39,19,5,5.0 (5),1,https://www.airbnb.com/rooms/1203710008668425678?check_in=2025-01-19&check_out=2025-01-22&guests=1&adults=1,34,3,103,0.8583333333,0,17,17,0.1416666667,,TRUE,TRUE,TRUE,,TRUE,,,,,FALSE,,TRUE,,TRUE,TRUE,,TRUE,,,,,,,,,,,,,,,,,TRUE,TRUE,,,,,,,,,,,,,,,,,,,,,,,,,,,,,,,,,,,,,,,,,,,,,,,,,,,,,,,,,,,,,,,,,,,,,,,,,,,,,,,,,,,,,,,,,,,,,,,,,,,,,
,36,820,445,0,375,0,0,0,0,0,,1253970762445278724,,,,Apartment in Bello,01/18/25 - 01/21/25,73,13,7,4.67,4.67 (6),27,https://www.airbnb.com/rooms/1253970762445278724?check_in=2025-01-19&check_out=2025-01-22&guests=1&adults=1,21,3,63,0.8630136986,0,10,10,0.1369863014,2 double beds,,TRUE,TRUE,,TRUE,,TRUE,,,FALSE,FALSE,,TRUE,,TRUE,,,TRUE,,,,TRUE,,,,,,,,,,,,,,,,,,,,,,,TRUE,,,,,,,,,,,,,,,,,,,,,,,,,,,,,,,,,,,,,,,,,,,,,,,,,,,,,,,,,,,,,,,,,,,,,,,,,,,,,,,,,,,,,,,,,,,
,37,810,400,0,410,0,0,0,0,0,,53781119,,,,Condo in Medellín,01/18/25 - 01/21/25,92,22,11,4.78,4.78 (50),20,https://www.airbnb.com/rooms/53781119?check_in=2025-01-19&check_out=2025-01-22&guests=1&adults=1,26,3,79,0.8586956522,0,13,13,0.1413043478,,,TRUE,,,,,,,,FALSE,,,,TRUE,,,,,,,,TRUE,TRUE,,,TRUE,,,,TRUE,,,,,,,,,,,,,,,,,,,,,,,,,,,,,,,,,,,,,,,,,,,,,,,,,,,,,,,,,,,,,,,,TRUE,TRUE,TRUE,TRUE,,,,,,,,,,,,,,,,,,,,,,,,,,,,,,,,,,,,,,,
,38,805,310,0,495,0,0,0,0,0,,51352055,,,,Condo in Bello,01/18/25 - 01/21/25,123,40,15,4.97,4.97 (37),3,https://www.airbnb.com/rooms/51352055?check_in=2025-01-19&check_out=2025-01-22&guests=1&adults=1,30,3,90,0.7317073171,16,17,33,0.2682926829,,TRUE,TRUE,TRUE,,,,TRUE,,,FALSE,FALSE,TRUE,,TRUE,TRUE,,,TRUE,,,,,,,,,,,,,,,,,,,,,TRUE,,,TRUE,,,,,,,,,,,,,,,,,,,,,,,,,,,,,,,,,,,,,,,,,,,,,,,,,,,,,,,,,,,,,,,,,,,,,,,,,,,,,,,,,,,,,,,,,,,,,,
,39,795,290,0,505,0,0,0,0,0,,1201878949314005551,,,,Apartment in Bello,01/18/25 - 01/21/25,129,44,15,5,5.0 (5),1,https://www.airbnb.com/rooms/1201878949314005551?check_in=2025-01-19&check_out=2025-01-22&guests=1&adults=1,30,3,90,0.6976744186,21,18,39,0.3023255814,2 double beds,,TRUE,TRUE,,,,TRUE,,TRUE,FALSE,FALSE,,TRUE,,TRUE,TRUE,,,,,,,,,,,,,,,,,,,,TRUE,,,,,,,,,,,,,,,,,,,,,,,,,,,,,,,,,,,,,,,,,,,,,,,,,,,,,,,,,,,,,,,,,,,,,,,,,,,,,,,,,,,,,,,,,,,,,,,,,,,,
,40,790,285,0,505,0,0,0,0,0,,1310157815739952582,,,,Apartment in Medellín,01/18/25 - 01/21/25,133,45,27,5,5.0 (5),1,https://www.airbnb.com/rooms/1310157815739952582?check_in=2025-01-19&check_out=2025-01-22&guests=1&adults=1,42,3,161,1.210526316,7,0,7,0.05263157895,,,TRUE,TRUE,,,,TRUE,,,FALSE,,,,TRUE,TRUE,,TRUE,TRUE,,,,TRUE,,,,,,,,,,,,,,,TRUE,,,,,,,,,,,,,,,,,,,,,,,,,,,,,,,,,,,,,,,,,,,,,,,,,,,,,,,,,,,,,,,,,,,,,,,,,,,,,,,,,,,,,,,,,,,,,,,,,,,
,41,785,280,0,505,0,0,0,0,0,,1100831692197507873,,,,Apartment in Bello,01/18/25 - 01/21/25,134,46,23,5,5.0 (11),1,https://www.airbnb.com/rooms/1100831692197507873?check_in=2025-01-19&check_out=2025-01-22&guests=1&adults=1,38,3,115,0.8582089552,0,19,19,0.1417910448,8 beds,TRUE,TRUE,TRUE,,TRUE,,TRUE,,,FALSE,FALSE,TRUE,,TRUE,TRUE,,TRUE,,,,,,,,,,,,,,,,,,,,,TRUE,,,,,,,,,,,,,,,,,,,,,,,,,,,,,,,,,,,,,,,,,,,,,,,,,,,,,,,,,,,,,,,,,,,,,,,,,,,,,,,,,,,,,,,,,,,,,,,,,,
,42,785,340,0,445,0,0,0,0,0,,552331054126571035,,,,Apartment in Bello,01/18/25 - 01/21/25,114,34,17,4.86,4.86 (43),13,https://www.airbnb.com/rooms/552331054126571035?check_in=2025-01-19&check_out=2025-01-22&guests=1&adults=1,32,3,96,0.8421052632,18,0,18,0.1578947368,2 beds,TRUE,TRUE,TRUE,TRUE,TRUE,,,,,,FALSE,TRUE,,TRUE,,,TRUE,,,,,,TRUE,,,TRUE,,,,,,,,,,,,,,,,,,,,,,,,,,,,,,,,,,,,,,,,,,,,,,,,,,,,,,,,,TRUE,,,,,,,,,,,,,,,,,,,,,,,,,,,,,,,,,,,,,,,,,,,,,,,,,,,,,
,43,785,365,0,420,0,0,0,0,0,,772552444772323903,,,,Apartment in Bello,01/18/25 - 01/21/25,103,29,15,4.8,4.8 (20),18,https://www.airbnb.com/rooms/772552444772323903?check_in=2025-01-19&check_out=2025-01-22&guests=1&adults=1,30,3,90,0.8737864078,0,13,13,0.1262135922,2 beds,,TRUE,TRUE,,,,,,,FALSE,FALSE,,,TRUE,TRUE,TRUE,,,,,,TRUE,,,,TRUE,,,TRUE,,,,,,,,,,,,,,,,,,,,,,,,,,,,,,,,,,,,,,,,,,,,,,,,,,,,,,,,,,,,,,,TRUE,,,,,,,,,,,,,,,,,,,,,,,,,,,,,,,,,,,,,,,,,,,,
,44,785,405,0,380,0,0,0,0,0,,54056544,,,,Vacation home in Bello,01/18/25 - 01/21/25,90,21,8,4.68,4.68 (19),26,https://www.airbnb.com/rooms/54056544?check_in=2025-01-19&check_out=2025-01-22&guests=1&adults=1,23,3,69,0.7666666667,8,13,21,0.2333333333,,,TRUE,TRUE,,TRUE,,TRUE,,,FALSE,FALSE,,TRUE,TRUE,TRUE,,,,,,,TRUE,,,,,,,,,,,,TRUE,,,,,,,,,,,,,,,,,,,,,,,,,,,,,,,,,,,,,,,,,,,,,,,,,,,,,,,,,,,,,,,,,,,,,,,,,,,,,,,,,,,,,,,,,,,,,,,,,,,,,,
,45,780,360,0,420,0,0,0,0,0,,1271147162761970978,,,,Loft in Medellín,01/18/25 - 01/21/25,106,30,20,4.8,4.8 (20),18,https://www.airbnb.com/rooms/1271147162761970978?check_in=2025-01-19&check_out=2025-01-22&guests=1&adults=1,35,3,106,1,0,0,0,0,,,,TRUE,,TRUE,,TRUE,,,FALSE,FALSE,,,TRUE,TRUE,,TRUE,,,,,,,,,,,,,,,,,,,,,,,,,TRUE,,,,,,,,,,,,,,,,,,,,,,,,,,,,TRUE,,,,,,,,,,,,,,,,,,,,,,,,,,,,,,,,,,,,,,,,,,,,,,,,,,,,,,,,,,,,,,,,,,
,46,780,375,0,405,0,0,0,0,0,,1161115058332519403,,,,Apartment in Bello,01/18/25 - 01/21/25,100,27,10,4.77,4.77 (22),21,https://www.airbnb.com/rooms/1161115058332519403?check_in=2025-01-19&check_out=2025-01-22&guests=1&adults=1,25,3,76,0.76,10,14,24,0.24,,TRUE,TRUE,TRUE,TRUE,TRUE,,,,,FALSE,,TRUE,,TRUE,TRUE,,TRUE,,,,TRUE,,,,,,,,,,,,,,,,,,,,,TRUE,,,,,,,,,,,,,,,,,,,,,,,,,,,,,,,,,,,,,,,,,,,,,,,,,,,,,,,,,,,,,,,,,,,,,,,,,,,,,,,,,,,,,,,,,,,,,,
,47,780,420,0,360,0,0,0,0,0,,40870644,,,,Home in Bello,01/18/25 - 01/21/25,84,18,7,4.57,4.57 (30),30,https://www.airbnb.com/rooms/40870644?check_in=2025-01-19&check_out=2025-01-22&guests=1&adults=1,21,3,63,0.75,9,12,21,0.25,,,TRUE,TRUE,TRUE,TRUE,,TRUE,,,FALSE,FALSE,,,,,,,,,,TRUE,,,,,,,,TRUE,,,,,,,,,,,,,,,,,,,,,,,,,,,,,,,,,,,,,,,,,,,,,,,,,,,,,,,,,,,,,,,,,,,,,,,,,,,,,TRUE,,,,,,,,,,,,,,,,,,,,,,,,,,,,,,
,48,780,435,0,345,0,0,0,0,0,,1273281858036146783,,,,Apartment in Bello,01/18/25 - 01/21/25,81,15,5,,New,33,https://www.airbnb.com/rooms/1273281858036146783?check_in=2025-01-19&check_out=2025-01-22&guests=1&adults=1,19,3,72,0.8888888889,13,10,23,0.2839506173,,,TRUE,TRUE,,TRUE,,TRUE,,,FALSE,,,,,TRUE,,,TRUE,,,,,,,,,,,,,,,,,,,,,TRUE,,,,,,,,,,,,,,,,,,,,,,,,,,,,,,,,,,,,,,,,,,,,,,,,,,,,,,,,,,,,,,,,,,,,,,,,,,,,,,,,,,,,,,,,,,,,,,,,,
,49,770,265,0,505,0,0,0,0,0,,1070535299921734073,,,,Apartment in Bello,01/18/25 - 01/21/25,139,49,20,5,5.0 (4),1,https://www.airbnb.com/rooms/1070535299921734073?check_in=2025-01-19&check_out=2025-01-22&guests=1&adults=1,35,3,105,0.7553956835,14,20,34,0.2446043165,2 beds,,TRUE,TRUE,,TRUE,,,,,FALSE,,,,TRUE,,,TRUE,,,,,,,,,,,,,,,,,,,TRUE,,,TRUE,TRUE,TRUE,,,,,,,,,,,,,,,,,,,,,,,,,,,,,,,,,,,,,,,,,,,,,,,,,,,,,,,,,,,,,,,,,,,,,,,,,,,,,,,,,,,,,,,,,,,,,,,
,50,765,260,0,505,0,0,0,0,0,,1132849099088902475,,,,Home in Bello,01/18/25 - 01/21/25,144,50,19,5,5.0 (21),1,https://www.airbnb.com/rooms/1132849099088902475?check_in=2025-01-19&check_out=2025-01-22&guests=1&adults=1,34,3,103,0.7152777778,21,20,41,0.2847222222,,TRUE,TRUE,TRUE,,TRUE,,TRUE,,,FALSE,FALSE,TRUE,TRUE,TRUE,TRUE,,,TRUE,,,,,,,,,,,,,,,,,,,,,,,,,,,,,,,,,,,,,,,,,,,,,,,,,,,,,,,,,,,,,,,,,,,,,,,,,,,,,,,,,,,,,,,,,,,,,,,,,,,,,,,,,,,,,,,,,,,,,,
X,51,765,260,0,505,0,0,0,0,0,,1292018143634528206,,,,Apartment in Bello,01/18/25 - 01/21/25,144,50,26,5,5.0 (3),1,https://www.airbnb.com/rooms/1292018143634528206?check_in=2025-01-19&check_out=2025-01-22&guests=1&adults=1,41,3,124,0.8611111111,0,20,20,0.1388888889,,,TRUE,TRUE,TRUE,TRUE,,TRUE,,,FALSE,FALSE,,,,TRUE,TRUE,TRUE,,,,,,,,,,,,,,,,,,,,,,,,,,,,,,,,,,,,,,,,,,,,,,,,,,,,,,,,,,,,,,,,,,,,,,,,,,,,,,,,,,,,,,,,,,,,,,,,,,,,,,,,,,,,,,,,,,,,,,,
,52,765,295,0,470,0,0,0,0,0,,1017733004893427312,,,,Home in Bello,01/18/25 - 01/21/25,128,43,22,4.92,4.92 (38),8,https://www.airbnb.com/rooms/1017733004893427312?check_in=2025-01-19&check_out=2025-01-22&guests=1&adults=1,37,3,110,0.859375,0,18,18,0.140625,3 beds,TRUE,TRUE,TRUE,,TRUE,,,,,FALSE,,TRUE,,TRUE,TRUE,,,TRUE,,TRUE,,,,,,TRUE,,,,,,,,,,,,,,,,,,,,,,,,,,,,,,,,,,,,,,,,,,,,,,,,,,TRUE,,,,,,,,,,,,,,,,,,,,,,,,,,,,,,,,,,,,,,,,,,,,,,,,,,,,,,,,,,,,
,53,765,345,0,420,0,0,0,0,0,,44391576,,,,Loft in Bello,01/18/25 - 01/21/25,113,33,11,4.8,4.8 (45),18,https://www.airbnb.com/rooms/44391576?check_in=2025-01-19&check_out=2025-01-22&guests=1&adults=1,26,3,79,0.6991150442,18,16,34,0.3008849558,,TRUE,TRUE,TRUE,,TRUE,,TRUE,,,FALSE,FALSE,TRUE,,TRUE,,,TRUE,,,,,,TRUE,,,,,,,,,,,,,,,,,,,,,,,,,,,,,,,,,,,,,,,,,,,,,,,,,,,,,,,,,,,,,,,,,,,,,,TRUE,,,,,,,,,,,,,,,,,,,,,,,,,,,,,,,,,,,,,,,,,,,
,54,760,255,0,505,0,0,0,0,0,,1013186311357241606,,,,Apartment in Bello,01/18/25 - 01/21/25,148,51,24,5,5.0 (45),1,https://www.airbnb.com/rooms/1013186311357241606?check_in=2025-01-19&check_out=2025-01-22&guests=1&adults=1,39,3,116,0.7837837838,11,21,32,0.2162162162,4 beds,TRUE,TRUE,TRUE,,TRUE,,,,,,,TRUE,,TRUE,TRUE,,TRUE,TRUE,,,,,TRUE,,,,,,,TRUE,,,,,,,,,,,,TRUE,,,,,,,,,,,,,,,,,,,,,,,,,,,,,,,,,,,,,,,,,,,,,,,,,,,,,,,,,,,,,,,,,,,,,,,,,,,,,,,,,,,,,,,,,,,,,,
,55,760,310,0,450,0,0,0,0,0,,38268627,,,,Condo in Bello,01/18/25 - 01/21/25,123,40,13,4.88,4.88 (43),12,https://www.airbnb.com/rooms/38268627?check_in=2025-01-19&check_out=2025-01-22&guests=1&adults=1,28,3,83,0.674796748,23,17,40,0.325203252,3 beds,,TRUE,TRUE,,TRUE,,TRUE,,,FALSE,,,,TRUE,TRUE,,,,,,,TRUE,TRUE,,,,,,,,TRUE,,,,,,,,,,,,,,,,,,,,,,,,,,,,,,,,,,,,,,,,,,,,,,,,,TRUE,,,,,,,,,,,,,,,,,,,,,,,,,,,,,,,,,,,,,,,,,,,,,,,,,,,,,,,,
,56,760,415,0,345,0,0,0,0,0,,1288363352799565136,,,,Apartment in Bello,01/18/25 - 01/21/25,86,19,10,,New,33,https://www.airbnb.com/rooms/1288363352799565136?check_in=2025-01-19&check_out=2025-01-22&guests=1&adults=1,25,3,74,0.8604651163,0,12,12,0.1395348837,2 beds,,TRUE,TRUE,,TRUE,,TRUE,,,,,,,TRUE,TRUE,,TRUE,,,,,,,,,,,,,,,,,,,,,,,,,,,,,,,,,,,,,,,,,,,,,,,,,,,,,,,,,,,,,,,,,,,,,,,,,,,,,,,,,,,,,,,,,,,,,,,,,,,,,,,,,,,,,,,,,,,,,,,
,57,755,270,0,485,0,0,0,0,0,,655049145320270701,,,,Condo in Bello,01/18/25 - 01/21/25,137,48,28,4.95,4.95 (43),5,https://www.airbnb.com/rooms/655049145320270701?check_in=2025-01-19&check_out=2025-01-22&guests=1&adults=1,43,3,130,0.9489051095,7,0,7,0.05109489051,,TRUE,TRUE,TRUE,,,,,,,FALSE,FALSE,TRUE,,TRUE,,,,TRUE,,,,,TRUE,,,,,,,TRUE,,,,,,,,,,,,,,,,TRUE,,,,,,,,TRUE,,,,,,,,,,,,,,,,,,,,,,,,,,,,,,,,,,,,,,,,,,,,,,,,,,,,,,,,,,,,,,,,,,,,,,,,,,,,,,,,,,
,58,750,275,0,475,0,0,0,0,0,,1150371730425245990,,,,Loft in Medellín,01/18/25 - 01/21/25,136,47,30,4.93,4.93 (44),7,https://www.airbnb.com/rooms/1150371730425245990?check_in=2025-01-19&check_out=2025-01-22&guests=1&adults=1,45,3,136,1,0,0,0,0,,TRUE,TRUE,TRUE,TRUE,,,,,,,,TRUE,,TRUE,,,TRUE,,,,,,,,,,,,,,,,,,,,,,,,,TRUE,,,,,,,,,,,,,,TRUE,,,,,,,,,,,,,TRUE,TRUE,TRUE,,,,,,,,,,,,,,,,,,,,,,,,,,,,,,,,,,,,,,,,,,,,,,,,,,,,,,,,,,,,,,,,,
,59,750,365,0,385,0,0,0,0,0,,984719932640012810,,,,Apartment in Bello,01/18/25 - 01/21/25,103,29,15,4.71,4.71 (14),25,https://www.airbnb.com/rooms/984719932640012810?check_in=2025-01-19&check_out=2025-01-22&guests=1&adults=1,30,3,90,0.8737864078,0,13,13,0.1262135922,1 bed,,TRUE,TRUE,,,,,,TRUE,FALSE,FALSE,,TRUE,TRUE,TRUE,,,,,,,TRUE,,,,TRUE,,,,,,,,,,,TRUE,,,,,,,,,,,,,,,,,,,,,,,,,,,,,,,,,,,,,,,,,,,,,,,,,,,,,,,,,,,,,,,,,,,,,,,,,,,,,,,,,,,,,,,,,,,,,,,,,,,
,60,745,290,0,455,0,0,0,0,0,,48588190,,,,Condo in Bello,01/18/25 - 01/21/25,129,44,24,4.89,4.89 (53),11,https://www.airbnb.com/rooms/48588190?check_in=2025-01-19&check_out=2025-01-22&guests=1&adults=1,39,3,118,0.9147286822,11,0,11,0.08527131783,,,TRUE,TRUE,,TRUE,,,,,FALSE,,,,TRUE,TRUE,,,TRUE,,,,,TRUE,,,,,,,,,,,,,,,,,,,TRUE,,,,,,,,,,,TRUE,,,,,,,,,,,,,,,,,,,,,,,,,,,,,,,,,,,,,,,,,,,,,,,,,,,,,,,,,,,,,,,,,,,,,,,,,,,,,,,,,,,
,61,745,395,0,350,0,0,0,0,0,,53499765,,,,Vacation home in Bello,01/18/25 - 01/21/25,93,23,8,4.38,4.38 (24),32,https://www.airbnb.com/rooms/53499765?check_in=2025-01-19&check_out=2025-01-22&guests=1&adults=1,23,3,69,0.7419354839,11,13,24,0.2580645161,2 beds,,TRUE,TRUE,,TRUE,,,,,,,,,,,,,,,,,,TRUE,,,,,,,TRUE,,,,,,,,,,,,TRUE,,,,,,,,,,,,,,,,,,,,,,,,,,,,,,,,,,,,,,,,,,,,,,,,,,,,,,,,,,,,,,,,,TRUE,TRUE,TRUE,TRUE,,,,,,,,,,,,,,,,,,,,,,,,,,
,62,735,230,0,505,0,0,0,0,0,,1215240162994784824,,,,Apartment in Medellín,01/18/25 - 01/21/25,156,56,25,5,5.0 (11),1,https://www.airbnb.com/rooms/1215240162994784824?check_in=2025-01-19&check_out=2025-01-22&guests=1&adults=1,40,3,119,0.7628205128,15,22,37,0.2371794872,1 bed,TRUE,TRUE,TRUE,,,,TRUE,,,FALSE,FALSE,TRUE,TRUE,TRUE,,,,,,,TRUE,,,,,,,,,,,,,,,,TRUE,,,,,,TRUE,,,,,,,,,,,,,,,,,,,,,,,,,,,,,,,,,,,,,,,,,,,,,,,,,,,,,,,,,,,,,,,,,,,,,,,,,,,,,,,,,,,,,,,,,,,,,
,63,735,250,0,485,0,0,0,0,0,,50045592,,,,Cabin in Medellín,01/18/25 - 01/21/25,150,52,31,4.95,4.95 (211),5,https://www.airbnb.com/rooms/50045592?check_in=2025-01-19&check_out=2025-01-22&guests=1&adults=1,46,3,138,0.92,12,0,12,0.08,,TRUE,TRUE,TRUE,,TRUE,,,,,,,TRUE,,TRUE,,,TRUE,TRUE,,,,,,,,,,,,,,,,,,,,,,,,,,,TRUE,,,,,,,,,,TRUE,TRUE,TRUE,,,,,,,,,,,,,,,,,,,,,,,,,,,,,,,,,,,,,,,,,,,,,,,,,,,,,,,,,,,,,,,,,,,,,,,,,,,,,,,
,64,735,275,0,460,0,0,0,0,0,,1148562372019029958,,,,Loft in Medellín,01/18/25 - 01/21/25,136,47,30,4.9,4.9 (42),10,https://www.airbnb.com/rooms/1148562372019029958?check_in=2025-01-19&check_out=2025-01-22&guests=1&adults=1,45,3,136,1,0,0,0,0,,TRUE,TRUE,TRUE,TRUE,,,TRUE,,,,,TRUE,,TRUE,TRUE,,TRUE,,,,,,,,,,,,,,,,,,,,TRUE,,,,,TRUE,,,,,,,,,,,,,,,,,,,,,,,,,,,,TRUE,,,,,,,,,,,,,,,,,,,,,,,,,,,,,,,,,,,,,,,,,,,,,,,,,,,,,,,,,,,,,,,,,,
,65,735,320,0,415,0,0,0,0,0,,923336552769544929,,,,Apartment in Bello,01/18/25 - 01/21/25,119,38,19,4.79,4.79 (38),19,https://www.airbnb.com/rooms/923336552769544929?check_in=2025-01-19&check_out=2025-01-22&guests=1&adults=1,34,3,102,0.8571428571,0,17,17,0.1428571429,,TRUE,TRUE,TRUE,,TRUE,,TRUE,,,FALSE,FALSE,TRUE,TRUE,TRUE,TRUE,,,,,,,,,,,,,,TRUE,,,,,,,,,,,,,,,,,,,,,,,,,,,,,,,,,,,,,,,,,,,,,,,,,,,,,,,,,,,,,,,,,,,,,,,,,,,,,,,,,,,,,,,,,,,,,,,,,,,,,,,,,,,
,66,730,305,0,425,0,0,0,0,0,,51878455,,,,Apartment in Bello,01/18/25 - 01/21/25,126,41,16,4.82,4.82 (118),17,https://www.airbnb.com/rooms/51878455?check_in=2025-01-19&check_out=2025-01-22&guests=1&adults=1,31,3,111,0.880952381,14,18,32,0.253968254,,,TRUE,TRUE,,TRUE,,,,,,,,,TRUE,,,,,,,,TRUE,TRUE,,TRUE,,,,,,,,,,,,,,,TRUE,TRUE,,,,,,,,,,,,,,,,,,,,,,,,,,,,,,,,,,,,,,,,,,,,,,,TRUE,TRUE,,,,,,,,,,,,,,,,,,,,,,,,,,,,,,,,,,,,,,,,,,,,,,,
,67,715,210,0,505,0,0,0,0,0,,1004003999672289522,,,,Apartment in Bello,01/18/25 - 01/21/25,173,60,31,5,5.0 (25),1,https://www.airbnb.com/rooms/1004003999672289522?check_in=2025-01-19&check_out=2025-01-22&guests=1&adults=1,46,3,138,0.7976878613,11,24,35,0.2023121387,3 beds,TRUE,TRUE,TRUE,TRUE,TRUE,,,,,FALSE,FALSE,TRUE,,TRUE,TRUE,,,,,,,,,,,,,,,,,,,,,,,,,,,TRUE,,TRUE,,,,,,,,,,,,,,,,,,,,,,,,,,,,,,,,,,,,,,,,,,,,,,,,,,,,,,,,,,,,,,,,,,,,,,,,,,,,,,,,,,,,,,,,,,,,
,68,715,210,0,505,0,0,0,0,0,,1287205304029369639,,,,Apartment in Bello,01/18/25 - 01/21/25,173,60,31,5,5.0 (5),1,https://www.airbnb.com/rooms/1287205304029369639?check_in=2025-01-19&check_out=2025-01-22&guests=1&adults=1,46,3,138,0.7976878613,11,24,35,0.2023121387,,,TRUE,TRUE,TRUE,,,TRUE,,,FALSE,FALSE,,,TRUE,TRUE,TRUE,,,,,TRUE,,,,,,,,,,,,,,,,,,,,,,,,,,,,,,,,,,,,,,,,,,,,,,,,,,,,,,,,,,,,,,,,,,,,,,,,,,,,,,,,,,,,,,,,,,,,,,,,,,,,,,,,,,,,,,,,,,,
,69,715,325,0,390,0,0,0,0,0,,932814441169988722,,,,Apartment in Bello,01/18/25 - 01/21/25,118,37,15,4.72,4.72 (43),24,https://www.airbnb.com/rooms/932814441169988722?check_in=2025-01-19&check_out=2025-01-22&guests=1&adults=1,30,3,90,0.7627118644,13,15,28,0.2372881356,3 beds,,TRUE,TRUE,,TRUE,,,,,FALSE,FALSE,,,TRUE,TRUE,,,,,,,TRUE,,,,,,,,TRUE,,,,,,,,,,,,,,,,,,,,,,,,,,,,,,,,,,,,,,,,,,,,,,,,,,,,,,,,,,,,,,,,,TRUE,,,,,,TRUE,,,,,,,,,,,,,,,,,,,,,,,,,,,,,,,,,,,
,70,710,350,0,360,0,0,0,0,0,,1151760800067306139,,,,Apartment in Bello,01/18/25 - 01/21/25,112,32,14,4.57,4.57 (14),30,https://www.airbnb.com/rooms/1151760800067306139?check_in=2025-01-19&check_out=2025-01-22&guests=1&adults=1,29,3,86,0.7678571429,10,16,26,0.2321428571,,,TRUE,TRUE,TRUE,TRUE,,,,,FALSE,,,,TRUE,TRUE,,TRUE,,,,,TRUE,TRUE,,,,,,,TRUE,,,,,,,,,,,,,,,,,,,,,,,,,,,,,,,,,,,,,,,,,,,,,,,,,,,,,,,,,,,,,,,,,,,,,,,,,,,,,,,,,,,,,,,,,,,,,,,,,,,,,,,,,,
,71,705,225,0,480,0,0,0,0,0,,1002822430907152294,,,,Apartment in Bello,01/18/25 - 01/21/25,157,57,26,4.94,4.94 (18),6,https://www.airbnb.com/rooms/1002822430907152294?check_in=2025-01-19&check_out=2025-01-22&guests=1&adults=1,41,3,124,0.7898089172,11,22,33,0.2101910828,4 beds,TRUE,TRUE,TRUE,TRUE,TRUE,,TRUE,,,,,TRUE,,TRUE,TRUE,TRUE,,,,,,,,,,,,,,TRUE,,,,,,,,,,,,TRUE,,,,,,,,,,,,,,,,,,,,,,,,,,,,,,,,,,,,,,,,,,,,,,,,,,,,,,,,,,,,,,,,,,,,,,,,,,,,,,,,,,,,,,,,,,,,,,
,72,700,220,0,480,0,0,0,0,0,,979746703170678757,,,,Apartment in Bello,01/18/25 - 01/21/25,169,58,29,4.94,4.94 (31),6,https://www.airbnb.com/rooms/979746703170678757?check_in=2025-01-19&check_out=2025-01-22&guests=1&adults=1,44,3,131,0.775147929,14,24,38,0.224852071,,TRUE,TRUE,TRUE,,TRUE,,,,,FALSE,FALSE,TRUE,,,TRUE,,,TRUE,,,,,,,,TRUE,,,,,,,,,,,,,TRUE,,,TRUE,,,,,,,,,,,,,,,,,,,,,,,,,,,,,,,,,,,,,,,,,,,,,,,,,,,,,,,,,,,,,,,,,,,,,,,,,,,,,,,,,,,,,,,,,,,,,,
,73,700,355,0,345,0,0,0,0,0,,1023136417239902868,,,,Apartment in Bello,01/18/25 - 01/21/25,108,31,11,,,33,https://www.airbnb.com/rooms/1023136417239902868?check_in=2025-01-19&check_out=2025-01-22&guests=1&adults=1,26,3,79,0.7314814815,14,15,29,0.2685185185,1 sofa bed,,TRUE,TRUE,,TRUE,,TRUE,,,FALSE,FALSE,,,TRUE,TRUE,,,TRUE,,,,TRUE,,,,,,,,,,,,,,,,,,,,,,,TRUE,,,,,,,,,,,,,,,,,,,,,,,,,,,,,,,,,,,,,,,,,,,,,,,,,,,,,,,,,,,,,,,,,,,,,,,,,,,,,,,,,,,,,,,,,,,
,74,695,190,0,505,0,0,0,0,0,,1035639584120017461,,,,Apartment in Bello,01/18/25 - 01/21/25,198,64,33,5,5.0 (16),1,https://www.airbnb.com/rooms/1035639584120017461?check_in=2025-01-19&check_out=2025-01-22&guests=1&adults=1,49,3,173,0.8737373737,23,28,51,0.2575757576,,TRUE,TRUE,TRUE,TRUE,,,,,,FALSE,FALSE,TRUE,,TRUE,TRUE,,TRUE,,,,,,TRUE,,,,,,,,,,,,,,,,,,,,,,TRUE,,,,,,,,,,,,,,,,,,,,,,,,,,,,,,,,,,,,,,,,,,,,,,,,,,,,,,,,,,,,,,,,,,,,,,,,,,,,,,,,,,,,,,,,,,,
,75,695,190,0,505,0,0,0,0,0,,950252843110769945,,,,Apartment in Bello,01/18/25 - 01/21/25,198,64,34,5,5.0 (15),1,https://www.airbnb.com/rooms/950252843110769945?check_in=2025-01-19&check_out=2025-01-22&guests=1&adults=1,52,3,155,0.7828282828,15,28,43,0.2171717172,,TRUE,TRUE,TRUE,,TRUE,,TRUE,,,FALSE,FALSE,TRUE,,,TRUE,,,TRUE,,,,,TRUE,,,,,,,,,,,,,,,,,,,,,,,TRUE,,,,,,,,,,,,,,,,,,,,,,,,,,,,,,,,,,,,,,,,,,,,,,,,,,,,,,,,,,,,,,,,,,,,,,,,,,,,,,,,,,,,,,,,,,
X,76,695,195,0,500,0,0,0,0,0,,39048787,,,,Tiny home in Medellín,01/18/25 - 01/21/25,185,63,35,4.99,4.99 (373),2,https://www.airbnb.com/rooms/39048787?check_in=2025-01-19&check_out=2025-01-22&guests=1&adults=1,53,3,159,0.8594594595,0,26,26,0.1405405405,,TRUE,TRUE,TRUE,,TRUE,,,,,FALSE,FALSE,TRUE,,TRUE,,TRUE,,TRUE,,,,,,,,,,,,TRUE,,,,,,,,,,,,,,,,,,TRUE,,,,,,,,,,,,,,,,,,,,,,,,,,,,,,,,,,,,,,,,,,,,,,,,,,,,,,,,,,,,,,,,,,,,,,,,,,,,,,,,,,,,,,,,
,77,695,205,0,490,0,0,0,0,0,,1051627202320292489,,,,Apartment in Bello,01/18/25 - 01/21/25,181,61,31,4.96,4.96 (23),4,https://www.airbnb.com/rooms/1051627202320292489?check_in=2025-01-19&check_out=2025-01-22&guests=1&adults=1,46,3,137,0.7569060773,18,26,44,0.2430939227,4 beds,TRUE,TRUE,TRUE,,,,TRUE,,,FALSE,,TRUE,,,TRUE,,,TRUE,,,,,TRUE,,,,,,,,,,,,,,,,,,,TRUE,,,,,,,,,TRUE,TRUE,,,,,,,,,,,,,,,,,,,,,,,,,,,,,,,,,,,,,,,,,,,,,,,,,,,,,,,,,,,,,,,,,,,,,,,,,,,,,,,,,,,,
,78,695,245,0,450,0,0,0,0,0,,814684386480000581,,,,Apartment in Bello,01/18/25 - 01/21/25,151,53,23,4.88,4.88 (50),12,https://www.airbnb.com/rooms/814684386480000581?check_in=2025-01-19&check_out=2025-01-22&guests=1&adults=1,38,3,114,0.7549668874,16,21,37,0.2450331126,,TRUE,TRUE,TRUE,,,,,,,,,TRUE,,TRUE,,,TRUE,TRUE,,,,,,,,,,,,TRUE,,,,,,,,,,,TRUE,TRUE,,,,,,,,,,,,,,,,,,,,,,,,,,,,,,,,,,,,,,,TRUE,TRUE,,,,,,,,,,,,,,,,,,,,,,,,,,,,,,,,,,,,,,,,,,,,,,,,,,,,,,
,79,690,215,0,475,0,0,0,0,0,,992323935244736859,,,,Apartment in Bello,01/18/25 - 01/21/25,172,59,31,4.93,4.93 (15),7,https://www.airbnb.com/rooms/992323935244736859?check_in=2025-01-19&check_out=2025-01-22&guests=1&adults=1,46,3,137,0.7965116279,11,24,35,0.2034883721,,TRUE,TRUE,TRUE,,TRUE,,TRUE,,,FALSE,,TRUE,,TRUE,TRUE,,,,,,,,,,,,,,,,,,,TRUE,TRUE,,,,,,,,,,,,,,,,,,,,,,,,,,,,,,,,,,,,,TRUE,,,,,,,,,,,,,,,,,,,,,,,,,,,,,,,,,,,,,,,,,,,,,,,,,,,,,,,,,,,,,,,,
,80,685,180,0,505,0,0,0,0,0,,1211101632241070177,,,,Apartment in Bello,01/18/25 - 01/21/25,213,66,36,5,5.0 (9),1,https://www.airbnb.com/rooms/1211101632241070177?check_in=2025-01-19&check_out=2025-01-22&guests=1&adults=1,55,3,165,0.7746478873,18,30,48,0.2253521127,,TRUE,TRUE,TRUE,,,,TRUE,,TRUE,,,TRUE,,TRUE,TRUE,,TRUE,TRUE,,,,,,,,,,TRUE,,,,,,,,,,,,,,,,,,,TRUE,,,,,,,,,,,,,,,,,,,,,,,,,,,,,,,,,,,,,,,,,,,,,,,,,,,,,,,,,,,,,,,,,,,,,,,,,,,,,,,,,,,,,,,,,
,81,685,230,0,455,0,0,0,0,0,,561819961279582183,,,,Apartment in Bello,01/18/25 - 01/21/25,156,56,24,4.89,4.89 (36),11,https://www.airbnb.com/rooms/561819961279582183?check_in=2025-01-19&check_out=2025-01-22&guests=1&adults=1,39,3,117,0.75,20,19,39,0.25,,TRUE,TRUE,TRUE,,,,,,,FALSE,,TRUE,,TRUE,,TRUE,,,,,,,TRUE,,,,TRUE,,,TRUE,,,,,,,,,,,,TRUE,,,,,,,,,,,,,,,,,,,,,,,,,,,,,,,,,,,,,TRUE,,,,,,,,,,,,,,,,,,,,,,,,,,,,,,,,,,,,,,,,,,,,,,,,,,,,,,,,,
,82,680,335,0,345,0,0,0,0,0,,1256070824721600265,,,,Apartment in Bello,01/18/25 - 01/21/25,115,35,17,,,33,https://www.airbnb.com/rooms/1256070824721600265?check_in=2025-01-19&check_out=2025-01-22&guests=1&adults=1,32,3,96,0.8347826087,3,16,19,0.1652173913,,,TRUE,TRUE,,,,,,,FALSE,FALSE,,,TRUE,,,TRUE,TRUE,,,,,,,,,,,,,,,,,,,,,TRUE,,TRUE,,,,,,,,,,,,TRUE,,,,,,,,,,,,,,,,,,,,,,,,,,,,,,,,,,,,,,,,,,,,,,,,,,,,,,,,,,,,,,,,,,,,,,,,,,,,,,,,,,,
,83,675,185,0,490,0,0,0,0,0,,1234329449891515771,,,,Cabin in Sabaneta,01/18/25 - 01/21/25,205,65,36,4.96,4.96 (25),4,https://www.airbnb.com/rooms/1234329449891515771?check_in=2025-01-19&check_out=2025-01-22&guests=1&adults=1,55,3,165,0.8048780488,11,29,40,0.1951219512,,TRUE,TRUE,TRUE,,TRUE,,,,,,,TRUE,,TRUE,TRUE,,TRUE,TRUE,,,,,,,,,,,,TRUE,,,,,,,,,,,,,,,TRUE,,,,,,,,TRUE,,,,,,,,,,,,,,,,,,,,,,,,,,,,,,,,,,,,,,,,,,,,,,,,,,,,,,,,,,,,,,,,,,,,,,,,,,,,,,,,,,,
,84,675,195,0,480,0,0,0,0,0,,713950007580655568,,,,Condo in Bello,01/18/25 - 01/21/25,185,63,31,4.94,4.94 (70),6,https://www.airbnb.com/rooms/713950007580655568?check_in=2025-01-19&check_out=2025-01-22&guests=1&adults=1,46,3,138,0.7459459459,21,26,47,0.2540540541,,TRUE,TRUE,TRUE,,,,,,,FALSE,,TRUE,,TRUE,,,,,,,,,TRUE,,,TRUE,,,,,,,,,,,,,,,,TRUE,,,,TRUE,,,,,,,,,,,,,,,TRUE,TRUE,,,,,,,,,,,,,,,,,,,,,,,,,,,,,,,,,,,,,,,,,,,,,,,,,,,,,,,,,,,,,,,,,,,,,,,,,,
,85,675,330,0,345,0,0,0,0,0,,1308214430388512293,,,,Apartment in Bello,01/18/25 - 01/21/25,116,36,18,,New,33,https://www.airbnb.com/rooms/1308214430388512293?check_in=2025-01-19&check_out=2025-01-22&guests=1&adults=1,33,3,100,0.8620689655,0,16,16,0.1379310345,,,TRUE,TRUE,,,,TRUE,,,FALSE,,,,,TRUE,,TRUE,TRUE,,,,,,,,,,,,,,,,,,,,,,,,,,,,,,,,,,,,,,,,,,,,,,,,,,,,,,,,,,,,,,,,,,,,,,,,,,,,,,,,,,,,,,,,,,,,,,,,,,,,,,,,,,,,,,,,,,,,,,
,86,670,195,0,475,0,0,0,0,0,,882476676570989110,,,,Apartment in Bello,01/18/25 - 01/21/25,185,63,31,4.93,4.93 (54),7,https://www.airbnb.com/rooms/882476676570989110?check_in=2025-01-19&check_out=2025-01-22&guests=1&adults=1,46,3,138,0.7459459459,21,26,47,0.2540540541,,TRUE,TRUE,TRUE,,,,,,,FALSE,,TRUE,,TRUE,,,,TRUE,,,,,,,,TRUE,,,,,,,,,,,,,,,,TRUE,,,,,,,,,TRUE,,,,,,,,,,,,TRUE,,,,,,,,,,TRUE,,,,,,,,,,,,,,,,,,,,,,,,,,,,,,,,,,,,,,,,,,,,,,,,,,,,,,,,,,,,,,,
,87,670,325,0,345,0,0,0,0,0,,1166035104110057412,,,,Apartment in Bello,01/18/25 - 01/21/25,118,37,13,,,33,https://www.airbnb.com/rooms/1166035104110057412?check_in=2025-01-19&check_out=2025-01-22&guests=1&adults=1,28,3,83,0.7033898305,18,17,35,0.2966101695,,,TRUE,TRUE,,,,TRUE,,,FALSE,FALSE,,,,TRUE,,,TRUE,,,,,,,,,,,,,,,,,,,,,TRUE,,TRUE,TRUE,,,,,,,,,,,,,,,,,,,,,,,,,,,,,,,,,,,,,,,,,,,,,,,,,,,,,,,,,,,,,,,,,,,,,,,,,,,,,,,,,,,,,,,,,,,,,,
X,88,660,180,0,480,0,0,0,0,0,,1137158351498082211,Yes,,,Apartment in Bello,01/18/25 - 01/21/25,213,66,37,4.94,4.94 (17),6,https://www.airbnb.com/rooms/1137158351498082211?check_in=2025-01-19&check_out=2025-01-22&guests=1&adults=1,57,3,172,0.8075117371,11,30,41,0.1924882629,,,TRUE,TRUE,TRUE,,,TRUE,,,,,,,TRUE,TRUE,,TRUE,,,,,TRUE,,,,,,,,,,,,,,,,,,,,TRUE,,,,,,,,,,,TRUE,,,,,,,,,,TRUE,,,,,,,,,,,,,,,,,,,,,,,,,,,,,,,,,,,,,,,,,,,,,,,,,,,,,,,,,,,,,,,,,,,,,,,,,
,89,660,180,0,480,0,0,0,0,0,,746598657130378111,,,,Tiny home in Copacabana,01/18/25 - 01/21/25,213,66,39,4.94,4.94 (238),6,https://www.airbnb.com/rooms/746598657130378111?check_in=2025-01-19&check_out=2025-01-22&guests=1&adults=1,61,3,183,0.8591549296,0,30,30,0.1408450704,,TRUE,TRUE,TRUE,,,,,,,FALSE,FALSE,TRUE,,TRUE,,,,TRUE,,,,,,,,,,,,,,,,,,,,,,,,,,,TRUE,,,,,,,,,,,,,,,,,,,TRUE,TRUE,TRUE,,,,,,,,,,,,,,,,,,,,,,,,,,,,,,,,,,,,,,,,,,,,,,,,,,,,,,,,,,,,,,,,,,,,,,
,90,645,300,0,345,0,0,0,0,0,,1056538348519339272,,,,Apartment in Bello,01/18/25 - 01/21/25,127,42,21,,New,33,https://www.airbnb.com/rooms/1056538348519339272?check_in=2025-01-19&check_out=2025-01-22&guests=1&adults=1,36,3,109,0.8582677165,0,18,18,0.1417322835,,,TRUE,TRUE,,,,TRUE,,TRUE,FALSE,FALSE,,,TRUE,TRUE,,TRUE,,,,,,,,,,,,,,,,,,,,,,,,,TRUE,,,,,,,,,,,,,,,,,,,,,,,,,,,,,,,,,,,,,,,,,,,,,,,,,,,,,,,,,,,,,,,,,,,,,,,,,,,,,,,,,,,,,,,,,,,,,,
,91,640,240,0,400,0,0,0,0,0,,644268754176198822,,,,Apartment in Bello,01/18/25 - 01/21/25,152,54,26,4.75,4.75 (12),22,https://www.airbnb.com/rooms/644268754176198822?check_in=2025-01-19&check_out=2025-01-22&guests=1&adults=1,41,3,124,0.8157894737,7,21,28,0.1842105263,,,TRUE,TRUE,,TRUE,,,,,,,,,TRUE,,,,,,,,,TRUE,,,,,,,,,,,,,,,,,,,TRUE,,,,,,,TRUE,,,,,,,,,,,,TRUE,,,,,,,,,,,,,,,,,,,,,,,,,,,,,,,,,,,,,TRUE,TRUE,,,,,,,,,,,,,,,,,,,,,,,,,,,,,,,,,,,,,
,92,635,210,0,425,0,0,0,0,0,,1004511942263085019,,,,Apartment in Bello,01/18/25 - 01/21/25,173,60,31,4.82,4.82 (11),17,https://www.airbnb.com/rooms/1004511942263085019?check_in=2025-01-19&check_out=2025-01-22&guests=1&adults=1,46,3,138,0.7976878613,11,24,35,0.2023121387,3 beds,,TRUE,TRUE,TRUE,TRUE,,TRUE,,,,,,,TRUE,TRUE,,,,,,TRUE,TRUE,,,,,TRUE,,,,,,,,,,,,,,,TRUE,,,,,,,,,,,,,,,,,,,,,,,,,,,,,,,,,,,,,,,,,,,,,,,,,,,,,,,,,,,,,,,,,,,,,,,,,,,,,,,,,,,,,,,,,,,,,,
,93,630,265,0,365,0,0,0,0,0,,40983206,,,,Apartment in Bello,01/18/25 - 01/21/25,139,49,17,4.63,4.63 (40),29,https://www.airbnb.com/rooms/40983206?check_in=2025-01-19&check_out=2025-01-22&guests=1&adults=1,32,3,96,0.690647482,23,20,43,0.309352518,3 beds,,TRUE,TRUE,TRUE,TRUE,,,,,FALSE,FALSE,,,,,,TRUE,,,,,,TRUE,,,,,,,TRUE,,,,,,,,,,,,,,,,,,,,,,,,,,,,,,,,,,,,,,,,,,,,,,,,,,,,,,,,,,,,,,,,,,,,,,,,,,,TRUE,,,,,,,,,,,,,,,,,,,,,,,,,,,,,,,
,94,630,285,0,345,0,0,0,0,0,,1317367461385618546,,,,Apartment in Medellín,01/18/25 - 01/21/25,133,45,19,,New,33,https://www.airbnb.com/rooms/1317367461385618546?check_in=2025-01-19&check_out=2025-01-22&guests=1&adults=1,34,3,103,0.7744360902,11,19,30,0.2255639098,,,TRUE,TRUE,,TRUE,,TRUE,,,,,,,,TRUE,,,TRUE,,,,,,,,,,,,,,,,,,,,,,,,,,,,,,,,,,,,,,,,,,,,,,,,,,,,,,,,,,,,,,,,,,,,,,,,,,,,,,,,,,,,,,,,,,,,,,,,,,,,,,,,,,,,,,,,,,,,,,
X,95,620,200,0,420,0,0,0,0,0,,1004511949881225477,Yes,,,Apartment in Bello,01/18/25 - 01/21/25,182,62,32,4.8,4.8 (5),18,https://www.airbnb.com/rooms/1004511949881225477?check_in=2025-01-19&check_out=2025-01-22&guests=1&adults=1,48,3,145,0.7967032967,11,26,37,0.2032967033,3 beds,,TRUE,TRUE,TRUE,TRUE,,TRUE,,,,,,,TRUE,TRUE,,,,,,,TRUE,,,,,,,,,,,,,,,,,,,,,,,,,,,,,,,,,,,,,,,,,,,,,,,,,,,,,,,,,,,,,,,,,,,,,,,,,,,,,,,,,,,,,,,,,,,,,,,,,,,,,,,,,,,,,,,,,,
,96,610,170,0,440,0,0,0,0,0,,687349540041772589,,,,Condo in Bello,01/18/25 - 01/21/25,233,68,38,4.85,4.85 (33),14,https://www.airbnb.com/rooms/687349540041772589?check_in=2025-01-19&check_out=2025-01-22&guests=1&adults=1,60,3,180,0.7725321888,24,29,53,0.2274678112,,TRUE,TRUE,TRUE,,,,TRUE,,,FALSE,,TRUE,TRUE,,TRUE,,,TRUE,,,,,,,,,,,,,,,TRUE,,,,,,TRUE,,,,,,,,,,,,,,,,,,,,,,,,,,,,,,,,,,,,,,,,,,,,,,,,,,,,,,,,,,,,,,,,,,,,,,,,,,,,,,,,,,,,,,,,,,,,,,,,,
,97,605,235,0,370,0,0,0,0,0,,557908553107033236,,,,Apartment in Bello,01/18/25 - 01/21/25,155,55,30,4.65,4.65 (43),28,https://www.airbnb.com/rooms/557908553107033236?check_in=2025-01-19&check_out=2025-01-22&guests=1&adults=1,45,3,136,0.8774193548,19,0,19,0.1225806452,4 beds,,TRUE,TRUE,,TRUE,,,,,FALSE,FALSE,,,TRUE,,,,,,,,,TRUE,,,,,,,,,,,,,,,,,,,,,,,,,,,,,,,,,,,,,,,,,,,,,,,,,,,,,,,,,,,,,,,,,,,,,,,,,,,,,,,TRUE,TRUE,TRUE,,,,,,,,,,,,,,,,,,,,,,,,,,,,,,,,
,98,580,235,0,345,0,0,0,0,0,,1055889541675104866,,,,Apartment in Bello,01/18/25 - 01/21/25,155,55,22,,,33,https://www.airbnb.com/rooms/1055889541675104866?check_in=2025-01-19&check_out=2025-01-22&guests=1&adults=1,37,3,110,0.7096774194,23,22,45,0.2903225806,,,TRUE,TRUE,,TRUE,,TRUE,,,FALSE,,,,TRUE,TRUE,,,TRUE,,,,,,,,,,,,,,,,,,,,,,,,,,,,,,,,,,,,,,,,,,,,,,,,,,,,,,,,,,,,,,,,,,,,,,,,,,,,,,,,,,,,,,,,,,,,,,,,,,,,,,,,,,,,,,,,,,,,,,
X,99,570,175,0,395,0,0,0,0,0,,776718793412788857,,,,Apartment in Bello,01/18/25 - 01/21/25,221,67,37,4.73,4.73 (11),23,https://www.airbnb.com/rooms/776718793412788857?check_in=2025-01-19&check_out=2025-01-22&guests=1&adults=1,57,3,172,0.778280543,18,31,49,0.221719457,7 beds,,TRUE,TRUE,,TRUE,,,,,FALSE,FALSE,,,,,TRUE,,TRUE,,,TRUE,,,,,TRUE,,,,,,,,,,,,,,,,,,,,,,,,,,,,,,,,,,,,,,,,,,,,,,,,,,,,,,,,,,,,,,,,,,,,,,,,,,TRUE,,,,,,,,,,,,,,,,,,,,,,,,,,,,,,,,,,,,
X,100,555,210,0,345,0,0,0,0,0,,1071271486531179202,Yes,,,Apartment in Bello,01/18/25 - 01/21/25,173,60,31,,,33,https://www.airbnb.com/rooms/1071271486531179202?check_in=2025-01-19&check_out=2025-01-22&guests=1&adults=1,46,3,138,0.7976878613,11,24,35,0.2023121387,3 beds,,TRUE,TRUE,,TRUE,,TRUE,,,FALSE,,,TRUE,TRUE,TRUE,,,,,,,TRUE,TRUE,,,,,,,,TRUE,,,,,,,,,,,,,,,,,,,,,,,,,,,,,,,,,,,,,,,,,,,,,,,,,,,,,,,,,,,,,,,,,,,,,,,,,,,,,,,,,,,,,,,,,,,,,,,,,,,,,,,,,
X,101,510,165,0,345,0,0,0,0,0,,1301460780502199764,Yes,,,Condo in Medellín,01/18/25 - 01/21/25,254,69,39,,New,33,https://www.airbnb.com/rooms/1301460780502199764?check_in=2025-01-19&check_out=2025-01-22&guests=1&adults=1,61,3,230,0.905511811,34,36,70,0.2755905512,2 queen beds,,TRUE,TRUE,,,,TRUE,,,FALSE,FALSE,,,TRUE,TRUE,,TRUE,TRUE,,,,,,,,,,,,,,,,,,,,,,,,TRUE,,,,,,,,,,,,,,,,,,,,,,,,,,,,,,,,,,,,,,,,,,,,,,,,,,,,,,,,,,,,,,,,,,,,,,,,,,,,,,,,,,,,,,,,,,,,,,