,rank,totalRankScore,totalPriceRankScore,nightlyRateScore,reviewRankScore,rareFindScore,acScore,wifiScore,guestFavoriteScore,superhostScore,id,LikeIt,MessageSent,Responded,title,dates,totalPrice,totalPriceRank,nightlyRateRank,reviewScore,reviewScoreString,reviewScoreRank,url,nightlyRateDisplay,nights,nightlyTotalDisplay,nightlyTotalDisplayPercent,cleaningFee,airbnbFee,feeTotal,feePercent,beds,City skyline view,Park view,Kitchen,Fast wifi – 187 Mbps,Dedicated workspace,Free parking on premises,Pets allowed,55 inch HDTV with standard cable,Netflix,Amazon Prime Video,Elevator,Exterior security cameras on property,guest_favorite,Wifi,TV,Washer,Hair dryer,Mabe refrigerator,Microwave,Smoking allowed,Guest favorite,Free dryer – In unit,Air conditioning,Private patio or balcony,Carbon monoxide alarm,Smoke alarm,Shared hot tub - available all year,open specific hours,Shared sauna,Shared pool - available all year,rooftop,HDTV with Amazon Prime Video,Netflix,Paid washer – In unit,Refrigerator,Free street parking,Hot tub,50 inch HDTV with Netflix,Mountain view,Fast wifi – 120 Mbps,Free residential garage on premises – 1 space,Pool,Fast wifi – 321 Mbps,40 inch HDTV,Free washer – In unit,Samsung refrigerator,Long term stays allowed,Dryer,Free carport on premises – 1 space,Shared outdoor pool - available all year,open specific hours,rooftop,HDTV,HDTV with Netflix,Outdoor pool - open specific hours,Sauna,Shared pool,Shared outdoor pool - available all year,open specific hours,Free dryer,Garden view,32 inch TV with Netflix,standard cable,Free washer – In building,Luggage dropoff allowed,Superhost,Shared outdoor pool - available all year,rooftop,60 inch HDTV with Netflix,standard cable,55 inch HDTV with Amazon Prime Video,Netflix,standard cable,Portable air conditioning,Paid street parking off premises,Patio or balcony,Backyard,Crib,Pack ’n play/Travel crib,AC - split type ductless system,Gym in building,55 inch HDTV,Fast wifi – 420 Mbps,Shared outdoor pool - available all year,open specific hours,heated,Shared hot tub - available seasonally,open specific hours,HDTV with Amazon Prime Video,Apple TV,Disney+,Netflix,32 inch HDTV with premium cable,140 inch HDTV,TV with standard cable,Fast wifi – 231 Mbps,Free parking garage on premises – 1 space,Shared outdoor pool - available all year,open specific hours,heated,infinity,Fast wifi – 56 Mbps,Paid parking off premises,Crib - available upon request,Outdoor pool - available all year,open specific hours
X,1,660,315,0,345,0,0,0,0,0,1257284239456824286,,,,Apartment in Sabaneta,01/18/25 - 01/21/25,91,7,11,5,5.0 (4),1,https://www.airbnb.com/rooms/1257284239456824286?check_in=2025-01-19&check_out=2025-01-22&guests=1&adults=1,28,3,83,0.9120879121,8,0,8,0.08791208791,,TRUE,TRUE,TRUE,TRUE,TRUE,TRUE,TRUE,TRUE,TRUE,TRUE,,,,,,,,,,,,,,,,,,,,,,,,,,,,,,,,,,,,,,,,,,,,,,,,,,,,,,,,,,,,,,,,,,,,,,,,,,,,,,,,,,,,,,,,,,,,,,,,
,2,660,340,0,320,0,0,0,0,0,954494705579151646,,,,Place to stay in Sabaneta,01/18/25 - 01/21/25,59,2,2,4.94,4.94 (18),6,https://www.airbnb.com/rooms/954494705579151646?check_in=2025-01-19&check_out=2025-01-22&guests=1&adults=1,15,3,45,0.7627118644,6,8,14,0.2372881356,,,,TRUE,,TRUE,,,,,,TRUE,TRUE,,,TRUE,,,,TRUE,,,,FALSE,FALSE,,,,,,,TRUE,,,,,,,,,,,,,,,,,,,,,,,TRUE,TRUE,TRUE,,,,,,,,,,,,,,,,,,,,,,,,,,,,,,,,,,,,,,,,,,,,,,,,,,
,3,640,325,0,315,0,0,0,0,0,1194447361898895941,,,,Apartment in Sabaneta,01/18/25 - 01/21/25,79,5,7,4.92,4.92 (12),7,https://www.airbnb.com/rooms/1194447361898895941?check_in=2025-01-19&check_out=2025-01-22&guests=1&adults=1,23,3,68,0.8607594937,0,11,11,0.1392405063,2 beds,,,,,,,,,,,,,,,,,,,TRUE,,,,,,,,,,,,,,,,,,,,,,,,,,,,,,,,,,,,,,,,,,,,,,,,,,,,,,,,,,,,,,,,,,,,,,,,,,,,,,,,,,,,,,,
,4,630,285,0,345,0,0,0,0,0,1269126708884957383,,,,Apartment in Sabaneta,01/18/25 - 01/21/25,104,13,5,5,5.0 (6),1,https://www.airbnb.com/rooms/1269126708884957383?check_in=2025-01-19&check_out=2025-01-22&guests=1&adults=1,20,3,59,0.5673076923,30,15,45,0.4326923077,,,,,,TRUE,TRUE,TRUE,,,,TRUE,TRUE,TRUE,TRUE,TRUE,TRUE,TRUE,TRUE,TRUE,,,,,,,,,,,,,,,,,,,,,,,,,,,,,,,,,,,,,,,,,,,,,,,,,,,,,,,,,,,,,,,,,,,,,,,,,,,,,,,,,,,,,,,
,5,630,300,0,330,0,0,0,0,0,1145953554384434307,,,,Apartment in Sabaneta,01/18/25 - 01/21/25,99,10,9,4.96,4.96 (24),4,https://www.airbnb.com/rooms/1145953554384434307?check_in=2025-01-19&check_out=2025-01-22&guests=1&adults=1,25,3,108,1.090909091,12,12,24,0.2424242424,,,,TRUE,,,,,,TRUE,TRUE,TRUE,TRUE,TRUE,TRUE,,,,,TRUE,,,,FALSE,,,,,,,,TRUE,,,,,,,,,,,,,,,,,,,,TRUE,TRUE,,,,,,,,,,,,,,,,,,,,,,,,,,,,,,,,,,,,,,,,,,,,,,,,,,,,,,
,6,615,330,0,285,0,0,0,0,0,51329719,,,,Apartment in Sabaneta,01/18/25 - 01/21/25,72,4,4,4.84,4.84 (122),13,https://www.airbnb.com/rooms/51329719?check_in=2025-01-19&check_out=2025-01-22&guests=1&adults=1,18,3,54,0.75,8,10,18,0.25,2 beds,,,TRUE,,TRUE,,,,,,TRUE,TRUE,,,,,TRUE,,TRUE,,,TRUE,FALSE,FALSE,,,,,,TRUE,,,,,,,,,,,,TRUE,,,,,,,,,,,,,,,,,,,,,,,,,,,,,,,,TRUE,,,,,,,,,,,,,,,,,,,,,,,,,,,,,,,,
,7,610,310,0,300,0,0,0,0,0,51049348,,,,Apartment in Sabaneta,01/18/25 - 01/21/25,96,8,6,4.89,4.89 (99),10,https://www.airbnb.com/rooms/51049348?check_in=2025-01-19&check_out=2025-01-22&guests=1&adults=1,21,3,64,0.6666666667,20,12,32,0.3333333333,2 beds,,,TRUE,,TRUE,,,,,,TRUE,TRUE,TRUE,,TRUE,,TRUE,,TRUE,,TRUE,,,,,,,,,TRUE,,,,,,,,,,,,TRUE,,,,,,,,,,,,,,,,,,,,TRUE,,,,,,,,,,,,,,,,,,,,,,,,,,,,,,,,,,,,,,,,,,,,
,8,605,260,0,345,0,0,0,0,0,1198709488154080626,,,,Apartment in Sabaneta,01/18/25 - 01/21/25,118,18,11,5,5.0 (23),1,https://www.airbnb.com/rooms/1198709488154080626?check_in=2025-01-19&check_out=2025-01-22&guests=1&adults=1,28,3,83,0.7033898305,20,15,35,0.2966101695,1 bed,,,TRUE,,TRUE,,,,,,TRUE,TRUE,TRUE,TRUE,,,,,TRUE,TRUE,TRUE,TRUE,FALSE,FALSE,,,,,,,,,,,,,,,,,,,,,,,,,,,,,,,,,,,,,,,,,,,,,,,,,,,,,,,,,,,,,,,,,,,,,,,,,,,,,,,,,,
,9,590,345,0,245,0,0,0,0,0,1194894012870917717,,,,Apartment in Sabaneta,01/18/25 - 01/21/25,50,1,1,4.69,4.69 (16),21,https://www.airbnb.com/rooms/1194894012870917717?check_in=2025-01-19&check_out=2025-01-22&guests=1&adults=1,12,3,37,0.74,6,7,13,0.26,,,,,,TRUE,,,,TRUE,TRUE,,TRUE,TRUE,,,,,,,,,,FALSE,FALSE,,,,,,,,,,,,,,,,,,,,,,,,,,,,,,,,,,,,,,,,,,,,,,,,,,,,,,,,,,,,,,,,,,,,,,,,,,,,,,,,,,
,10,585,320,0,265,0,0,0,0,0,53891218,,,,Condo in Sabaneta,01/18/25 - 01/21/25,81,6,5,4.75,4.75 (120),17,https://www.airbnb.com/rooms/53891218?check_in=2025-01-19&check_out=2025-01-22&guests=1&adults=1,20,3,61,0.7530864198,9,11,20,0.2469135802,,,,TRUE,,TRUE,,TRUE,,TRUE,TRUE,,TRUE,,,,,,,,,,,FALSE,FALSE,,,,,,,,,,,,,,,,,,,,,,,,,,,,,,,,TRUE,,,,,,,,,,,,,,,,,,,,TRUE,,,,,,,,,,,,,,,,,,,,,,,,,,,,,,
,11,580,245,0,335,0,0,0,0,0,1100310068801751336,,,,Apartment in Sabaneta,01/18/25 - 01/21/25,127,21,16,4.97,4.97 (31),3,https://www.airbnb.com/rooms/1100310068801751336?check_in=2025-01-19&check_out=2025-01-22&guests=1&adults=1,34,3,102,0.8031496063,7,18,25,0.1968503937,4 single beds,,,TRUE,,TRUE,TRUE,TRUE,,TRUE,,TRUE,TRUE,TRUE,,,,,,TRUE,,,,,,,,,,,,,TRUE,,,,,,,,,,,,,,,,TRUE,TRUE,,,,,,,,,,,,,,,,,,,,,,,,,,,,,,,,,,,,,,,,,,,,,,,,,,,,,,,,,
,12,575,250,0,325,0,0,0,0,0,1205273598416577470,,,,Apartment in Sabaneta,01/18/25 - 01/21/25,126,20,12,4.95,4.95 (20),5,https://www.airbnb.com/rooms/1205273598416577470?check_in=2025-01-19&check_out=2025-01-22&guests=1&adults=1,30,3,90,0.7142857143,18,18,36,0.2857142857,2 beds,,,,,,,,,,,,,,,,,,,TRUE,,,,,,,,,,,,,,,,,,,,,,,,,,,,,,,,,,,,,,,,,,,,,,,,,,,,,,,,,,,,,,,,,,,,,,,,,,,,,,,,,,,,,,,
,13,570,265,0,305,0,0,0,0,0,1175434310081116877,,,,Apartment in Sabaneta,01/18/25 - 01/21/25,114,17,12,4.9,4.9 (21),9,https://www.airbnb.com/rooms/1175434310081116877?check_in=2025-01-19&check_out=2025-01-22&guests=1&adults=1,30,3,90,0.7894736842,8,16,24,0.2105263158,,TRUE,,TRUE,,TRUE,,,,,,TRUE,TRUE,,,,,,,TRUE,,,,FALSE,FALSE,,,,,,,TRUE,TRUE,,TRUE,,,,,,,,,,,,,,,TRUE,,,,,,,,,,,,,,,,,,,,,,,,,,,,,,,,,,,,,,,,,,,,,,,,,,,,,,,,,
,14,570,275,0,295,0,0,0,0,0,978184586517350276,,,,Apartment in Sabaneta,01/18/25 - 01/21/25,108,15,13,4.88,4.88 (17),11,https://www.airbnb.com/rooms/978184586517350276?check_in=2025-01-19&check_out=2025-01-22&guests=1&adults=1,31,3,92,0.8518518519,16,0,16,0.1481481481,3 beds,,,TRUE,,TRUE,,,,,,TRUE,TRUE,TRUE,TRUE,,,,,TRUE,,,,FALSE,,,,,,,,,,,,,,,,,,,,TRUE,,,,,,,,,,,,,TRUE,,,,,,,,,TRUE,TRUE,,,,,,,,,,,,,,,,,,,,,,,,,,,,,,,,,,,,,,,,
,15,565,220,0,345,0,0,0,0,0,1297397060308286954,,,,Apartment in Sabaneta,01/18/25 - 01/21/25,144,26,19,5,5.0 (4),1,https://www.airbnb.com/rooms/1297397060308286954?check_in=2025-01-19&check_out=2025-01-22&guests=1&adults=1,38,3,114,0.7916666667,10,20,30,0.2083333333,,,,TRUE,,TRUE,TRUE,TRUE,,TRUE,TRUE,,TRUE,TRUE,TRUE,,,,,,,,TRUE,,,,,,,,,,,,,,,,,,,,,,,,,,,,,,,,,,,,,,,,,,,,,,,,,,,,,,,,,,,,,,,,,,,,,,,,,,,,,,,,,,,,
,16,565,255,0,310,0,0,0,0,0,47287582,,,,Loft in Sabaneta,01/18/25 - 01/21/25,120,19,12,4.91,4.91 (58),8,https://www.airbnb.com/rooms/47287582?check_in=2025-01-19&check_out=2025-01-22&guests=1&adults=1,30,3,90,0.75,15,15,30,0.25,1 double bed,,,,,,,,,,,,,,,,,,,,,,,,,,,,,,,,,,,,,,,,,,,,,,,,,,,,,,,,,TRUE,,,,,,,,,,,,,,,,,,,,,,,,,,,,,,,,,,,,,,,,,,,,,,,,,
,17,565,335,0,230,0,0,0,0,0,35651968,,,,Apartment in Sabaneta,01/18/25 - 01/21/25,68,3,3,4.39,4.39 (64),24,https://www.airbnb.com/rooms/35651968?check_in=2025-01-19&check_out=2025-01-22&guests=1&adults=1,16,3,47,0.6911764706,11,10,21,0.3088235294,2 beds,,,TRUE,,,,TRUE,,,,,,,TRUE,,,,,,,,,,,,,,,,TRUE,,,,,,,,,,,,,,,,,,,,,,,,,,,,,,,,,,,,,,,,,,,,,,TRUE,,,,TRUE,TRUE,,,,,,,,,,,,,,,,,,,,,,,,,
,18,555,280,0,275,0,0,0,0,0,687414301425933893,,,,Loft in Sabaneta,01/18/25 - 01/21/25,107,14,12,4.82,4.82 (49),15,https://www.airbnb.com/rooms/687414301425933893?check_in=2025-01-19&check_out=2025-01-22&guests=1&adults=1,30,3,89,0.8317757009,18,0,18,0.1682242991,,,,TRUE,,TRUE,TRUE,TRUE,,TRUE,,,TRUE,TRUE,,,,,,,,,,FALSE,,,TRUE,,,,,,,,,,,,,,,,,,,,,,,,TRUE,,,,,,,TRUE,,,,,,,,,,,,,,,,,,,,,,,,,,,,,,,,,,,,,,,,,,,,,,,,,
,19,550,295,0,255,0,0,0,0,0,971692571589098048,,,,Apartment in Sabaneta,01/18/25 - 01/21/25,101,11,8,4.72,4.72 (29),19,https://www.airbnb.com/rooms/971692571589098048?check_in=2025-01-19&check_out=2025-01-22&guests=1&adults=1,24,3,72,0.7128712871,15,14,29,0.2871287129,,,,,,,,,,,,,,,,,,,,,,,,,,,,,,,,,,,,,,,,,,,,,,,,,,,,,,,,,,,,,,,,,,,,,,,,,,,,,,,,,,,,,,,,,,,,,,,,,,,,,,,,,,,
,20,545,210,0,335,0,0,0,0,0,890861671546639693,,,,Apartment in Sabaneta,01/18/25 - 01/21/25,149,28,18,4.97,4.97 (64),3,https://www.airbnb.com/rooms/890861671546639693?check_in=2025-01-19&check_out=2025-01-22&guests=1&adults=1,37,3,110,0.7382550336,18,21,39,0.2617449664,2 double beds,TRUE,,TRUE,,TRUE,,,,TRUE,,TRUE,TRUE,TRUE,TRUE,,,,,TRUE,TRUE,,,FALSE,FALSE,,,,,,,,,,,,,,,,,,,,,,,,,,,,,,,,,,,,,,,,,,,,,,,,,,,,,,,,,,,,,,,,,,,,,,,,,,,,,,,,,,
,21,545,230,0,315,0,0,0,0,0,577263922363986295,,,,Apartment in Sabaneta,01/18/25 - 01/21/25,137,24,15,4.92,4.92 (26),7,https://www.airbnb.com/rooms/577263922363986295?check_in=2025-01-19&check_out=2025-01-22&guests=1&adults=1,33,3,100,0.7299270073,18,19,37,0.2700729927,1 bed,,,,,,,,,,,,,,,,,,,TRUE,,,,,,,,,,,,,,,,,,,,,,,,,,,,,,,,,,,,,,,,,,,,,,,,,,,,,,,,,,,,,,,,,,,,,,,,,,,,,,,,,,,,,,,
,22,540,195,0,345,0,0,0,0,0,1076889556347667187,,,,Apartment in Sabaneta,01/18/25 - 01/21/25,158,31,19,5,5.0 (9),1,https://www.airbnb.com/rooms/1076889556347667187?check_in=2025-01-19&check_out=2025-01-22&guests=1&adults=1,38,3,115,0.7278481013,21,22,43,0.2721518987,3 beds,,,TRUE,,TRUE,,,,TRUE,TRUE,TRUE,TRUE,TRUE,TRUE,,,,,TRUE,,,,FALSE,,TRUE,TRUE,,,,,,,,,,,,,,,,,,,,,,,,,,,,,,,,,,,,,,,,,,,,,,,,,,,,,,,,,,,,,,,,,,,,,,,,,,,,,,,,
,23,540,195,0,345,0,0,0,0,0,1107294962610401443,,,,Loft in Sabaneta,01/18/25 - 01/21/25,158,31,20,5,5.0 (5),1,https://www.airbnb.com/rooms/1107294962610401443?check_in=2025-01-19&check_out=2025-01-22&guests=1&adults=1,39,3,118,0.746835443,18,22,40,0.253164557,2 beds,,,,,TRUE,,TRUE,,TRUE,,TRUE,TRUE,,,,,,,TRUE,,,,FALSE,FALSE,,,TRUE,TRUE,TRUE,TRUE,,,,,,,,,,,,,,,,,,,,,,,,,,,,,,,,,,,,,,,,,,,,,,,,,,,,,,,,,,,,,,,,,,,,,,,,,,,,
,24,540,290,0,250,0,0,0,0,0,951594985056771878,,,,Apartment in Sabaneta,01/18/25 - 01/21/25,102,12,10,4.71,4.71 (38),20,https://www.airbnb.com/rooms/951594985056771878?check_in=2025-01-19&check_out=2025-01-22&guests=1&adults=1,27,3,81,0.7941176471,7,14,21,0.2058823529,1 bed,,,,,,,,,,,,,,,,,,,,,,,,,,,,,,,,,,,,,,,,,,,,,,,,,,,,,,,,,,,,,,,,,,,,,,,,,,,,,,,,,,,,,,,,,,,,,,,,,,,,,,,,,,
,25,540,305,0,235,0,0,0,0,0,1194193281454176431,,,,Apartment in Sabaneta,01/18/25 - 01/21/25,97,9,11,4.64,4.64 (22),23,https://www.airbnb.com/rooms/1194193281454176431?check_in=2025-01-19&check_out=2025-01-22&guests=1&adults=1,28,3,83,0.8556701031,0,14,14,0.1443298969,,,,TRUE,,,,,,,,,TRUE,TRUE,TRUE,,,,,,,,,FALSE,FALSE,,,,,,,,,,,,,,,,,,,,,,,,,,,,,,,,,,,,,,,,,,,,,,,,,,,,,,,,,,,,,,,,,,,,,,,,,,,,,,,,,,
,26,535,190,0,345,0,0,0,0,0,1263233888052673027,,,,Apartment in Sabaneta,01/18/25 - 01/21/25,162,32,21,5,5.0 (4),1,https://www.airbnb.com/rooms/1263233888052673027?check_in=2025-01-19&check_out=2025-01-22&guests=1&adults=1,40,3,121,0.7469135802,18,23,41,0.2530864198,,,,TRUE,,TRUE,,TRUE,,TRUE,,,TRUE,,,,,,,,,,,FALSE,FALSE,,,,,,,TRUE,TRUE,TRUE,,,,,,,,,,,,,,,,,,,,,,,,,,,,,,,,,,,,,,,,,,,,,,,,,,,,,,,,,,,,,,,,,,,,,,,,,
,27,525,180,0,345,0,0,0,0,0,877408774157357856,,,,Apartment in Sabaneta,01/18/25 - 01/21/25,169,34,20,5,5.0 (11),1,https://www.airbnb.com/rooms/877408774157357856?check_in=2025-01-19&check_out=2025-01-22&guests=1&adults=1,39,3,117,0.6923076923,28,24,52,0.3076923077,,,,TRUE,,TRUE,,TRUE,,,,TRUE,,TRUE,,,,,,TRUE,,,,FALSE,,,TRUE,,,,,,,,TRUE,TRUE,TRUE,TRUE,,,,,,,,,,,,,,,,,,,,,,,,,,,,,,,,,,,,,,,,,,,,,,,,,,,,,,,,,,,,,,,,,,,,,
,28,525,235,0,290,0,0,0,0,0,926122388451425287,,,,Apartment in Sabaneta,01/18/25 - 01/21/25,133,23,15,4.87,4.87 (30),12,https://www.airbnb.com/rooms/926122388451425287?check_in=2025-01-19&check_out=2025-01-22&guests=1&adults=1,33,3,122,0.9172932331,15,19,34,0.2556390977,,,,TRUE,,TRUE,,,,TRUE,,TRUE,TRUE,,TRUE,TRUE,,,,TRUE,,,TRUE,FALSE,FALSE,,,,,,,,,,,,,,,,,,,,,,,,,,,,,,,,,,,,,,,,,,,,,TRUE,,,,,,,,,,,,,,,,,,,,,,,,,,,,,,,,,,,,,
,29,520,175,0,345,0,0,0,0,0,1141171209844029961,,,,Apartment in Sabaneta,01/18/25 - 01/21/25,175,35,19,5,5.0 (17),1,https://www.airbnb.com/rooms/1141171209844029961?check_in=2025-01-19&check_out=2025-01-22&guests=1&adults=1,38,3,144,0.8228571429,38,22,60,0.3428571429,,,,TRUE,,TRUE,,,,TRUE,,TRUE,,,,,,TRUE,,TRUE,,,TRUE,,,,,,,,,,,,,,,,TRUE,TRUE,TRUE,TRUE,TRUE,,,,,,,,,,,,,,,,,,,,,,,,,,,,,,,,,,,,,,,,,,,,,,,,,,,,,,,,,,,,,,,,
,30,520,200,0,320,0,0,0,0,0,48904782,,,,Loft in Sabaneta,01/18/25 - 01/21/25,156,30,20,4.94,4.94 (151),6,https://www.airbnb.com/rooms/48904782?check_in=2025-01-19&check_out=2025-01-22&guests=1&adults=1,39,3,117,0.75,20,19,39,0.25,2 beds,,,,,,,,,,,,,,,,,,,TRUE,,,,,,,,,,,,,,,,,,,,,,,,,,,,,,,,,,,,,,,,,,,,,,,,,,,,,,,,,,,,,,,,,,,,,,,,,,,,,,,,,,,,,,,
,31,515,170,0,345,0,0,0,0,0,1276215525694557976,,,,Apartment in Sabaneta,01/18/25 - 01/21/25,178,36,24,5,5.0 (6),1,https://www.airbnb.com/rooms/1276215525694557976?check_in=2025-01-19&check_out=2025-01-22&guests=1&adults=1,44,3,131,0.7359550562,22,25,47,0.2640449438,,,,TRUE,,TRUE,,TRUE,,TRUE,TRUE,TRUE,TRUE,TRUE,TRUE,,,,,TRUE,TRUE,,,,,,,,,,,TRUE,,,,,,,,,,,,,,,,,,,,,,,,,,,,,,,,,,,,,,,,,,,,,,,,,,,,,,,,,,,,,,,,,,,,,,,,,,,
,32,515,200,0,315,0,0,0,0,0,930335553159337490,,,,Apartment in Sabaneta,01/18/25 - 01/21/25,156,30,20,4.92,4.92 (25),7,https://www.airbnb.com/rooms/930335553159337490?check_in=2025-01-19&check_out=2025-01-22&guests=1&adults=1,39,3,117,0.75,20,19,39,0.25,,,,,,,,,,,,,,,,,,,,TRUE,,,,,,,,,,,,,,,,,,,,,,,,,,,,,,,,,,,,,,,,,,,,,,,,,,,,,,,,,,,,,,,,,,,,,,,,,,,,,,,,,,,,,,,
,33,515,205,0,310,0,0,0,0,0,689809736753746885,,,,Loft in Sabaneta,01/18/25 - 01/21/25,152,29,18,4.91,4.91 (92),8,https://www.airbnb.com/rooms/689809736753746885?check_in=2025-01-19&check_out=2025-01-22&guests=1&adults=1,37,3,111,0.7302631579,22,19,41,0.2697368421,2 beds,,,,,,,,,,,,,,,,,,,TRUE,,,,,,,,,,,,,,,,,,,,,,,,,,,,,,,,,,,,,,,,,,,,,,,,,,,,,,,,,,,,,,,,,,,,,,,,,,,,,,,,,,,,,,,
,34,515,225,0,290,0,0,0,0,0,726288704572730416,,,,Apartment in Sabaneta,01/18/25 - 01/21/25,141,25,17,4.87,4.87 (23),12,https://www.airbnb.com/rooms/726288704572730416?check_in=2025-01-19&check_out=2025-01-22&guests=1&adults=1,35,3,105,0.7446808511,16,20,36,0.2553191489,4 beds,TRUE,,TRUE,,TRUE,TRUE,TRUE,,,TRUE,TRUE,,,,,,,,TRUE,,,,,,,,,,,,,,,,,,,,,,,,,,,,,,,,,,,,,,,,,,,,,,,,,,,TRUE,TRUE,TRUE,TRUE,,,,,,,,,,,,,,,,,,,,,,,,,,,,,,,,,
X,35,515,240,0,275,0,0,0,0,0,1202109331646621199,Yes,,,Apartment in Sabaneta,01/18/25 - 01/21/25,132,22,15,4.82,4.82 (17),15,https://www.airbnb.com/rooms/1202109331646621199?check_in=2025-01-19&check_out=2025-01-22&guests=1&adults=1,33,3,121,0.9166666667,15,19,34,0.2575757576,,,,TRUE,,TRUE,,,,TRUE,TRUE,,TRUE,,,,,,,,,,,FALSE,FALSE,,,,,,,,,,,,,,,,TRUE,,,,,,,,,,,,,,,,,TRUE,,,,,,TRUE,,,,,,,,,,,,TRUE,,,,,,,,,,,,,,,,,,,,,,,,,,,,,,,
,36,510,165,0,345,0,0,0,0,0,1150266227444057015,,,,Apartment in Sabaneta,01/18/25 - 01/21/25,179,37,24,5,5.0 (10),1,https://www.airbnb.com/rooms/1150266227444057015?check_in=2025-01-19&check_out=2025-01-22&guests=1&adults=1,44,3,132,0.7374301676,25,22,47,0.2625698324,1 bed,,,,,,,,,,,,,,,,,,,TRUE,,,,,,,,,,,,,,,,,,,,,,,,,,,,,,,,,,,,,,,,,,,,,,,,,,,,,,,,,,,,,,,,,,,,,,,,,,,,,,,,,,,,,,,
,37,510,200,0,310,0,0,0,0,0,554545152357403024,,,,Loft in Sabaneta,01/18/25 - 01/21/25,156,30,20,4.91,4.91 (70),8,https://www.airbnb.com/rooms/554545152357403024?check_in=2025-01-19&check_out=2025-01-22&guests=1&adults=1,39,3,117,0.75,20,19,39,0.25,,TRUE,,TRUE,,TRUE,TRUE,TRUE,,TRUE,,TRUE,TRUE,,TRUE,,,,,TRUE,,,TRUE,,,,,,,,,,,TRUE,,,,,,,,,,,,,,,,,,,,,,,,,,,,,,,,,,,,,,,,,,,,,,,,,,,,,,,,,,,,,,,,,,,,,,,,,
,38,510,235,0,275,0,0,0,0,0,1111468365386717588,,,,Apartment in Sabaneta,01/18/25 - 01/21/25,133,23,14,4.82,4.82 (17),15,https://www.airbnb.com/rooms/1111468365386717588?check_in=2025-01-19&check_out=2025-01-22&guests=1&adults=1,32,3,96,0.7218045113,18,19,37,0.2781954887,,,,,,,,,,,,,,,,,,,,TRUE,,,,,,,,,,,,,,,,,,,,,,,,,,,,,,,,,,,,,,,,,,,,,,,,,,,,,,,,,,,,,,,,,,,,,,,,,,,,,,,,,,,,,,,
,39,495,270,0,225,0,0,0,0,0,1318101686077656718,,,,Apartment in Sabaneta,01/18/25 - 01/21/25,113,16,12,,New,25,https://www.airbnb.com/rooms/1318101686077656718?check_in=2025-01-19&check_out=2025-01-22&guests=1&adults=1,30,3,90,0.796460177,7,16,23,0.203539823,,,,TRUE,,TRUE,,,,,,,TRUE,TRUE,TRUE,,,,TRUE,,,,,FALSE,FALSE,,,,,,,,,,,,,,,,,,,,,,,,,,,,,,,,,TRUE,,,,,,,,,,,,,,,,,,,,,,,,,,,,,,,,,,,,,,,,,,,,,,,,,
,40,490,170,0,320,0,0,0,0,0,626258831601389693,,,,Condo in Sabaneta,01/18/25 - 01/21/25,178,36,26,4.94,4.94 (66),6,https://www.airbnb.com/rooms/626258831601389693?check_in=2025-01-19&check_out=2025-01-22&guests=1&adults=1,46,3,138,0.7752808989,15,25,40,0.2247191011,,TRUE,,TRUE,,TRUE,,,,TRUE,,TRUE,TRUE,TRUE,,,,,,TRUE,,,TRUE,FALSE,FALSE,,,,,,,,,,,,,,,,TRUE,,,,,,,,,,,,,,,,,,,,,,,,,,,,,,,,,,,,,,,,,,,,,,,,,,,,,,,,,,,,,,,,,,
,41,485,185,0,300,0,0,0,0,0,50959813,,,,Apartment in Sabaneta,01/18/25 - 01/21/25,167,33,23,4.89,4.89 (116),10,https://www.airbnb.com/rooms/50959813?check_in=2025-01-19&check_out=2025-01-22&guests=1&adults=1,42,3,126,0.754491018,20,21,41,0.245508982,,,,TRUE,,,TRUE,,,TRUE,,TRUE,TRUE,TRUE,,,,,,TRUE,TRUE,,,,,,,,,,,,,,,,,,,,TRUE,,,,,,,,,,,,,,,,TRUE,,,,,,,TRUE,TRUE,,,,,,,,,,,,,,,,,,,,,,,,,,,,,,,,,,,,,,,,,,
,42,480,255,0,225,0,0,0,0,0,1299309736173359525,,,,Apartment in Sabaneta,01/18/25 - 01/21/25,120,19,16,,New,25,https://www.airbnb.com/rooms/1299309736173359525?check_in=2025-01-19&check_out=2025-01-22&guests=1&adults=1,34,3,103,0.8583333333,0,17,17,0.1416666667,,,,TRUE,,,,,,,,,TRUE,TRUE,TRUE,,,,,,,,,FALSE,,,,,,,,,,,,,,,,,,,,,,,,,,,,,,,,,,TRUE,,,,,,,,,,,,,,,,,,,,,,,,,,,,,,,,,,,,,,,,,,,,,,,,,
,43,475,215,0,260,0,0,0,0,0,1093569738747659124,,,,Apartment in Sabaneta,01/18/25 - 01/21/25,148,27,25,4.74,4.74 (34),18,https://www.airbnb.com/rooms/1093569738747659124?check_in=2025-01-19&check_out=2025-01-22&guests=1&adults=1,45,3,135,0.9121621622,13,0,13,0.08783783784,,,,TRUE,,,TRUE,,,TRUE,TRUE,,TRUE,TRUE,TRUE,,,,,,,,,,,,,,,,TRUE,,,,,,,,,,,,,,,,,,,,,,,,,,TRUE,,,,,,,TRUE,,,,,,,,,,,,,,,,,,,,,,,,,,,,,,,,,,,,,,,,,,,
,44,465,130,0,335,0,0,0,0,0,1020436143435914892,,,,Apartment in Sabaneta,01/18/25 - 01/21/25,192,44,28,4.97,4.97 (33),3,https://www.airbnb.com/rooms/1020436143435914892?check_in=2025-01-19&check_out=2025-01-22&guests=1&adults=1,48,3,144,0.75,21,27,48,0.25,,,,,,,,,,,,,,,,,,,,TRUE,,,,,,,,,,,,,,,,,,,,,,,,,,,,,,,,,,,,,,,,,,,,,,,,,,,,,,,,,,,,,,,,,,,,,,,,,,,,,,,,,,,,,,,
,45,465,155,0,310,0,0,0,0,0,692607981188945655,,,,Apartment in Sabaneta,01/18/25 - 01/21/25,183,39,24,4.91,4.91 (67),8,https://www.airbnb.com/rooms/692607981188945655?check_in=2025-01-19&check_out=2025-01-22&guests=1&adults=1,44,3,131,0.7158469945,26,26,52,0.2841530055,,TRUE,,TRUE,,TRUE,TRUE,TRUE,,,,TRUE,TRUE,,,,,,,TRUE,,,,,FALSE,,TRUE,,,,,,,,TRUE,,,,,,,,,,,,,,,,TRUE,,,,,,,,,,,,,,,,,,,,,,,,,,,,,,,,,,,,,,,,,,,,,,,,,,,,,,,,
,46,455,115,0,340,0,0,0,0,0,50011462,,,,Condo in Sabaneta,01/18/25 - 01/21/25,202,47,33,4.98,4.98 (53),2,https://www.airbnb.com/rooms/50011462?check_in=2025-01-19&check_out=2025-01-22&guests=1&adults=1,59,3,177,0.8762376238,0,25,25,0.1237623762,,,,,,,,,,,,,,,,,,,,TRUE,,,,,,,,,,,,,,,,,,,,,,,,,,,,,,,,,,,,,,,,,,,,,,,,,,,,,,,,,,,,,,,,,,,,,,,,,,,,,,,,,,,,,,,
,47,455,160,0,295,0,0,0,0,0,580443931251558342,,,,Apartment in Sabaneta,01/18/25 - 01/21/25,180,38,26,4.88,4.88 (52),11,https://www.airbnb.com/rooms/580443931251558342?check_in=2025-01-19&check_out=2025-01-22&guests=1&adults=1,46,3,138,0.7666666667,20,22,42,0.2333333333,,,,,,,,,,,,,,,,,,,,TRUE,,,,,,,,,,,,,,,,,,,,,,,,,,,,,,,,,,,,,,,,,,,,,,,,,,,,,,,,,,,,,,,,,,,,,,,,,,,,,,,,,,,,,,,
,48,455,185,0,270,0,0,0,0,0,50960242,,,,Apartment in Sabaneta,01/18/25 - 01/21/25,167,33,23,4.8,4.8 (79),16,https://www.airbnb.com/rooms/50960242?check_in=2025-01-19&check_out=2025-01-22&guests=1&adults=1,42,3,126,0.754491018,20,21,41,0.245508982,,,,TRUE,,TRUE,TRUE,,,TRUE,,,TRUE,TRUE,,,,,,,TRUE,,,FALSE,FALSE,,,,,,,,,,,,,,,,TRUE,,,,,,,,,,,,,,,,,TRUE,,,,,,,,,,,,,,,,,,,,,,,,,,,,,,,,,,,,,,,,,,,,,,,,,
,49,445,135,0,310,0,0,0,0,0,876746961275292030,,,,Condo in Sabaneta,01/18/25 - 01/21/25,190,43,28,4.91,4.91 (33),8,https://www.airbnb.com/rooms/876746961275292030?check_in=2025-01-19&check_out=2025-01-22&guests=1&adults=1,48,3,145,0.7631578947,18,27,45,0.2368421053,,,,,,,,,,,,,,,,,,,,TRUE,,,,,,,,,,,,,,,,,,,,,,,,,,,,,,,,,,,,,,,,,,,,,,,,,,,,,,,,,,,,,,,,,,,,,,,,,,,,,,,,,,,,,,,
,50,445,140,0,305,0,0,0,0,0,53186225,,,,Loft in Sabaneta,01/18/25 - 01/21/25,188,42,29,4.9,4.9 (157),9,https://www.airbnb.com/rooms/53186225?check_in=2025-01-19&check_out=2025-01-22&guests=1&adults=1,49,3,147,0.7819148936,18,23,41,0.2180851064,1 bed,,,TRUE,,TRUE,TRUE,,,TRUE,,TRUE,TRUE,,,,,,,TRUE,,,TRUE,FALSE,FALSE,,,,,,,,,,,,,,,,TRUE,,,,,,,,,,,,,,,,,,,,TRUE,,,,,,,,,,,,,,,,,,,,,,,,,,,,,,,,,,,,,,,,,,,,,,
,51,440,95,0,345,0,0,0,0,0,840721999275570225,,,,Apartment in Sabaneta,01/18/25 - 01/21/25,214,51,32,5,5.0 (24),1,https://www.airbnb.com/rooms/840721999275570225?check_in=2025-01-19&check_out=2025-01-22&guests=1&adults=1,55,3,164,0.7663551402,20,30,50,0.2336448598,2 beds,TRUE,,TRUE,,TRUE,TRUE,TRUE,,TRUE,,TRUE,TRUE,TRUE,TRUE,,,,,TRUE,,,,,,,,,,,,,,,,,,,,,,,,TRUE,,,,,,,,,,,,,,,,,,,,,,,,,,,,,,,,,,,,,,,,,,,,,,,,,,,,,,,,,,,,,,,
X,52,440,110,0,330,0,0,0,0,0,1234329449891515771,Yes,,,Cabin in Sabaneta,01/18/25 - 01/21/25,205,48,32,4.96,4.96 (25),4,https://www.airbnb.com/rooms/1234329449891515771?check_in=2025-01-19&check_out=2025-01-22&guests=1&adults=1,55,3,165,0.8048780488,11,29,40,0.1951219512,,,,TRUE,,TRUE,TRUE,TRUE,,,TRUE,TRUE,TRUE,TRUE,,,,,,TRUE,,,,,,,,,,,,,TRUE,,TRUE,,,,,,,,,,,,,,,,,,,TRUE,,,,,,,,,,,,,,,,,,,,,,,,,,,,,,,,,,,,,,,,,,,,,,,,,,,,,
,53,435,90,0,345,0,0,0,0,0,1191498506023833381,,,,Apartment in Sabaneta,01/18/25 - 01/21/25,215,52,32,5,5.0 (10),1,https://www.airbnb.com/rooms/1191498506023833381?check_in=2025-01-19&check_out=2025-01-22&guests=1&adults=1,55,3,165,0.7674418605,23,27,50,0.2325581395,,,,,,,,,,,,,,,,,,,,TRUE,,,,,,,,,,,,,,,,,,,,,,,,,,,,,,,,,,,,,,,,,,,,,,,,,,,,,,,,,,,,,,,,,,,,,,,,,,,,,,,,,,,,,,,
,54,430,120,0,310,0,0,0,0,0,51019383,,,,Apartment in Sabaneta,01/18/25 - 01/21/25,195,46,27,4.91,4.91 (68),8,https://www.airbnb.com/rooms/51019383?check_in=2025-01-19&check_out=2025-01-22&guests=1&adults=1,47,3,141,0.7230769231,30,24,54,0.2769230769,,TRUE,,TRUE,,TRUE,TRUE,,,TRUE,,TRUE,TRUE,,,,,,,TRUE,,,,,,,,,,,,,,,TRUE,,,,,,TRUE,,,,,,,,,,,,,,,,,,TRUE,TRUE,,,,,,,,,,,,,,,,,,,,,,,,,,,,,,,,,,,,,,,,,,,,,,,
,55,430,205,0,225,0,0,0,0,0,1029082917068586194,,,,Apartment in Sabaneta,01/18/25 - 01/21/25,152,29,19,,,25,https://www.airbnb.com/rooms/1029082917068586194?check_in=2025-01-19&check_out=2025-01-22&guests=1&adults=1,38,3,113,0.7434210526,20,19,39,0.2565789474,1 queen bed,,,TRUE,,,TRUE,,,TRUE,,,TRUE,TRUE,TRUE,,,,,,TRUE,,TRUE,,,,,,,,,,,,,,,,,,,,,,,,,,,,,,,,,,TRUE,,,,,,,,TRUE,,,,,,,,,,,,,,,,,,,,,,,,,,,,,,,,,,,,,,,,,,
,56,425,80,0,345,0,0,0,0,0,1021084324063293568,,,,Apartment in Sabaneta,01/18/25 - 01/21/25,229,54,34,5,5.0 (12),1,https://www.airbnb.com/rooms/1021084324063293568?check_in=2025-01-19&check_out=2025-01-22&guests=1&adults=1,60,3,179,0.7816593886,18,32,50,0.2183406114,,TRUE,,TRUE,,TRUE,,TRUE,,,TRUE,TRUE,TRUE,,,,,,,TRUE,,,,,,,,,,,,,,,TRUE,,,,,,,,,,TRUE,TRUE,TRUE,,,,,,,,,,,,,,,,,,,,,,,,,,,,,,,,,,,,,,,,,,,,,,,,,,,,,,,,,,,,
,57,425,85,0,340,0,0,0,0,0,679582104063180713,,,,Loft in Sabaneta,01/18/25 - 01/21/25,228,53,34,4.98,4.98 (55),2,https://www.airbnb.com/rooms/679582104063180713?check_in=2025-01-19&check_out=2025-01-22&guests=1&adults=1,60,3,180,0.7894736842,20,28,48,0.2105263158,,TRUE,,TRUE,,TRUE,TRUE,,,TRUE,,TRUE,TRUE,,,,,,,TRUE,TRUE,,TRUE,,,,,,,,,,,,,,,,,,TRUE,,,,,,,TRUE,,,,,,,,,,,,,,,,,,,,,,,,,,,,,,,,,,,,,,,,,,,,,,,,,,,,,,,,,,,
,58,425,145,0,280,0,0,0,0,0,676127843795597018,,,,Apartment in Sabaneta,01/18/25 - 01/21/25,187,41,28,4.83,4.83 (104),14,https://www.airbnb.com/rooms/676127843795597018?check_in=2025-01-19&check_out=2025-01-22&guests=1&adults=1,48,3,144,0.7700534759,20,23,43,0.2299465241,,,,TRUE,,TRUE,,,,TRUE,,TRUE,TRUE,TRUE,,,,,,TRUE,TRUE,,,FALSE,FALSE,,,,,,,,,,,,TRUE,,,,TRUE,,,,,,,,,,,,,,,,,,,,,,,,,,,,,,,,,,,,,,,,,,,,,,,,,,,,,,,,,,,,,,,,,,
,59,425,150,0,275,0,0,0,0,0,937526964017257535,,,,Apartment in Sabaneta,01/18/25 - 01/21/25,185,40,26,4.82,4.82 (57),15,https://www.airbnb.com/rooms/937526964017257535?check_in=2025-01-19&check_out=2025-01-22&guests=1&adults=1,46,3,138,0.7459459459,21,26,47,0.2540540541,,,,,,,,,,,,,,,,,,,,TRUE,,,,,,,,,,,,,,,,,,,,,,,,,,,,,,,,,,,,,,,,,,,,,,,,,,,,,,,,,,,,,,,,,,,,,,,,,,,,,,,,,,,,,,,
,60,415,70,0,345,0,0,0,0,0,992066726891853136,,,,Apartment in Sabaneta,01/18/25 - 01/21/25,303,56,38,5,5.0 (5),1,https://www.airbnb.com/rooms/992066726891853136?check_in=2025-01-19&check_out=2025-01-22&guests=1&adults=1,96,3,289,0.9537953795,14,0,14,0.04620462046,,TRUE,TRUE,TRUE,,TRUE,,TRUE,,TRUE,,TRUE,TRUE,TRUE,,,,,,TRUE,,,,,,,,,,,,,TRUE,,,,,,,,TRUE,,,,,,,,,,,,,,,,,,,,,,,,,,,,,,,,,,,,,,,,,,,,,,,,,,,,,,,,,,,,,,,,,,
X,61,415,190,0,225,0,0,0,0,0,731319793551891312,Yes,,,Apartment in Sabaneta,01/18/25 - 01/21/25,162,32,22,,,25,https://www.airbnb.com/rooms/731319793551891312?check_in=2025-01-19&check_out=2025-01-22&guests=1&adults=1,41,3,122,0.7530864198,20,20,40,0.2469135802,1 queen bed,,,TRUE,,TRUE,TRUE,,,,,,TRUE,TRUE,,TRUE,,,,,,,,FALSE,FALSE,,,,,,,,,,,,,,,,TRUE,,,,,,,,,,,,,,,,,,,,,,,,,,,,,,,,,,,,,,,,,,TRUE,,,,,,,,,,,,,,,,,,,,,,,,
,62,410,185,0,225,0,0,0,0,0,1273479128838023576,,,,Apartment in Sabaneta,01/18/25 - 01/21/25,167,33,23,,New,25,https://www.airbnb.com/rooms/1273479128838023576?check_in=2025-01-19&check_out=2025-01-22&guests=1&adults=1,42,3,126,0.754491018,20,21,41,0.245508982,,,,TRUE,,,TRUE,,,,TRUE,,TRUE,TRUE,,,,,,,,,,FALSE,FALSE,,TRUE,,,,,,TRUE,,,,,,,,,,,,,,,,,,,,,,,,,,,,,,,,,,,,,,,,,,,,,,,,,,,TRUE,,,,,,,,,,,,,,,,,,,,,,,
,63,405,100,0,305,0,0,0,0,0,1251525474268193480,,,,Apartment in Sabaneta,01/18/25 - 01/21/25,212,50,31,4.9,4.9 (10),9,https://www.airbnb.com/rooms/1251525474268193480?check_in=2025-01-19&check_out=2025-01-22&guests=1&adults=1,53,3,159,0.75,23,30,53,0.25,,,,TRUE,,TRUE,,,,TRUE,,TRUE,TRUE,TRUE,TRUE,,,,,TRUE,TRUE,,,FALSE,FALSE,,,,,,,,,,,,,,,,,,,,,,,,,,,,,,,,,,,,,TRUE,,,,,,,,,,,,,,,,,,,,,,,,,,,,,,,,,,,,,,,,,,,,,
,64,395,60,0,335,0,0,0,0,0,913643522779435001,,,,Apartment in Sabaneta,01/18/25 - 01/21/25,354,58,37,4.97,4.97 (30),3,https://www.airbnb.com/rooms/913643522779435001?check_in=2025-01-19&check_out=2025-01-22&guests=1&adults=1,95,3,285,0.8050847458,25,44,69,0.1949152542,,,,TRUE,,TRUE,TRUE,,,TRUE,,TRUE,TRUE,TRUE,,,,,,TRUE,,,,FALSE,FALSE,TRUE,,,,,,,,,,,,,,,,,,,,,,,,,TRUE,,,,,,,,,,,,,,,,,,,,,,,,,,,,,,,,,,,,,,,,,,,,,,,,,,,,,,,,
,65,385,145,0,240,0,0,0,0,0,53493808,,,,Apartment in Sabaneta,01/18/25 - 01/21/25,187,41,28,4.65,4.65 (65),22,https://www.airbnb.com/rooms/53493808?check_in=2025-01-19&check_out=2025-01-22&guests=1&adults=1,48,3,144,0.7700534759,20,23,43,0.2299465241,,,,TRUE,,TRUE,,,,TRUE,,,TRUE,TRUE,,,,,,,TRUE,,,FALSE,FALSE,,,,,,,,,,,,TRUE,,,,TRUE,,,,,,,,,,,,,,,,,TRUE,,,,,,,,,,,,,,,,,,,,,,,,,,,,,,,,,,,,,,,,,,,,,,,,,
X,66,370,105,0,265,0,0,0,0,0,616688160366692747,Yes,,,Apartment in Sabaneta,01/18/25 - 01/21/25,208,49,30,4.75,4.75 (102),17,https://www.airbnb.com/rooms/616688160366692747?check_in=2025-01-19&check_out=2025-01-22&guests=1&adults=1,50,3,186,0.8942307692,33,26,59,0.2836538462,5 beds,,,TRUE,,TRUE,,TRUE,,,TRUE,,,,,,,,,,,,,FALSE,,,TRUE,,,,,,,,TRUE,,,,,,,,,,,,,,,,,,,,,,,,,,,,,,,,,,,,,,,,,,,TRUE,TRUE,TRUE,,,,,,,,,,,,,,,,,,,,,,,,,,,
X,67,360,65,0,295,0,0,0,0,0,1152474737523687320,Yes,,,Apartment in Sabaneta,01/18/25 - 01/21/25,321,57,36,4.88,4.88 (17),11,https://www.airbnb.com/rooms/1152474737523687320?check_in=2025-01-19&check_out=2025-01-22&guests=1&adults=1,86,3,310,0.9657320872,18,45,63,0.1962616822,,,,TRUE,,,TRUE,,,TRUE,,TRUE,TRUE,TRUE,TRUE,,,,,TRUE,,,,FALSE,,,,,,,,,,,,,,,,,,,,,,,,,,,,,TRUE,,,,,,,,,,,,,,,TRUE,TRUE,,,,,,,,,,,,,,,,,,,,,,,,,,,,,,,,,,,,,,
X,68,350,125,0,225,0,0,0,0,0,1245323871172654371,Yes,,,Apartment in Sabaneta,01/18/25 - 01/21/25,194,45,30,,,25,https://www.airbnb.com/rooms/1245323871172654371?check_in=2025-01-19&check_out=2025-01-22&guests=1&adults=1,50,3,150,0.7731958763,20,24,44,0.2268041237,,,,,,,,,,,,,,,,,,,,,,,,,,,,,,,,,,,,,,,,,,,,,,,,,,,,,,,,,,,,,,,,,,,,,,,,,,,,,,,,,,,,,,,,,,,,,,,,,,,,,,,,,,,
X,69,300,75,0,225,0,0,0,0,0,995618300055143700,,,,Condo in Sabaneta,01/18/25 - 01/21/25,243,55,35,,,25,https://www.airbnb.com/rooms/995618300055143700?check_in=2025-01-19&check_out=2025-01-22&guests=1&adults=1,62,3,186,0.7654320988,23,34,57,0.2345679012,,,,,,,,,,,,,,,,,,,,,,,,,,,,,,,,,,,,,,,,,,,,,,,,,,,,,,,,,,,,,,,,,,,,,,,,,,,,,,,,,,,,,,,,,,,,,,,,,,,,,,,,,,,